submission_id,AnswerCertainty,AnswerPolarity,ContextType,StimID,TaskType,TrialType,age,certainty_max,certainty_min,comments,confidence,education,experiment_duration,experiment_end_time,experiment_start_time,gender,group,languages,p_max,p_min,prolific_pid,prolific_session_id,prolific_study_id,response_time,sliderResponse,trialNr
3019,NA,NA,NA,1,prior,practice,31,NA,NA,Interesting study,2,Graduated College,1074526,1644252712455,1644251637929,female,helpful,english,NA,NA,,,,194524,50,1
3019,NA,NA,NA,1,posterior,practice,31,NA,NA,Interesting study,6,Graduated College,1074526,1644252712455,1644251637929,female,helpful,english,NA,NA,,,,64552,5,2
3019,NA,NA,NA,1,relevance,practice,31,NA,NA,Interesting study,NA,Graduated College,1074526,1644252712455,1644251637929,female,helpful,english,NA,NA,,,,21247,80,3
3019,exhaustive,positive,neutral,8,prior,main,31,NA,NA,Interesting study,2,Graduated College,1074526,1644252712455,1644251637929,female,helpful,english,NA,NA,,,,30652,51,1
3019,exhaustive,positive,neutral,8,posterior,main,31,NA,NA,Interesting study,6,Graduated College,1074526,1644252712455,1644251637929,female,helpful,english,NA,NA,,,,22341,90,2
3019,exhaustive,positive,neutral,8,relevance,main,31,NA,NA,Interesting study,NA,Graduated College,1074526,1644252712455,1644251637929,female,helpful,english,NA,NA,,,,14485,100,3
3019,NA,NA,NA,1,prior,reasoning,31,4,1,Interesting study,3,Graduated College,1074526,1644252712455,1644251637929,female,helpful,english,0.6,0.4,,,,29223,50,4
3019,NA,NA,NA,1,posterior,reasoning,31,7,3,Interesting study,6,Graduated College,1074526,1644252712455,1644251637929,female,helpful,english,0.6,0.4,,,,20667,51,5
3019,low_certainty,negative,neutral,11,prior,main,31,NA,NA,Interesting study,3,Graduated College,1074526,1644252712455,1644251637929,female,helpful,english,NA,NA,,,,17951,51,6
3019,low_certainty,negative,neutral,11,posterior,main,31,NA,NA,Interesting study,5,Graduated College,1074526,1644252712455,1644251637929,female,helpful,english,NA,NA,,,,21760,70,7
3019,low_certainty,negative,neutral,11,relevance,main,31,NA,NA,Interesting study,NA,Graduated College,1074526,1644252712455,1644251637929,female,helpful,english,NA,NA,,,,13032,85,8
3019,low_certainty,positive,positive,10,prior,main,31,NA,NA,Interesting study,7,Graduated College,1074526,1644252712455,1644251637929,female,helpful,english,NA,NA,,,,24286,100,9
3019,low_certainty,positive,positive,10,posterior,main,31,NA,NA,Interesting study,7,Graduated College,1074526,1644252712455,1644251637929,female,helpful,english,NA,NA,,,,14052,100,10
3019,low_certainty,positive,positive,10,relevance,main,31,NA,NA,Interesting study,NA,Graduated College,1074526,1644252712455,1644251637929,female,helpful,english,NA,NA,,,,4359,100,11
3019,NA,NA,NA,1,prior,attention,31,6,6,Interesting study,6,Graduated College,1074526,1644252712455,1644251637929,female,helpful,english,1,0.95,,,,67991,100,12
3019,non_answer,N/A,neutral,6,prior,main,31,NA,NA,Interesting study,3,Graduated College,1074526,1644252712455,1644251637929,female,helpful,english,NA,NA,,,,21603,20,13
3019,non_answer,N/A,neutral,6,posterior,main,31,NA,NA,Interesting study,1,Graduated College,1074526,1644252712455,1644251637929,female,helpful,english,NA,NA,,,,22149,50,14
3019,non_answer,N/A,neutral,6,relevance,main,31,NA,NA,Interesting study,NA,Graduated College,1074526,1644252712455,1644251637929,female,helpful,english,NA,NA,,,,4013,0,15
3019,exhaustive,positive,negative,3,prior,main,31,NA,NA,Interesting study,3,Graduated College,1074526,1644252712455,1644251637929,female,helpful,english,NA,NA,,,,22274,20,16
3019,exhaustive,positive,negative,3,posterior,main,31,NA,NA,Interesting study,7,Graduated College,1074526,1644252712455,1644251637929,female,helpful,english,NA,NA,,,,13563,100,17
3019,exhaustive,positive,negative,3,relevance,main,31,NA,NA,Interesting study,NA,Graduated College,1074526,1644252712455,1644251637929,female,helpful,english,NA,NA,,,,3221,100,18
3019,NA,NA,NA,2,prior,reasoning,31,7,5,Interesting study,3,Graduated College,1074526,1644252712455,1644251637929,female,helpful,english,0.45,0.25,,,,34975,70,19
3019,NA,NA,NA,2,posterior,reasoning,31,7,5,Interesting study,3,Graduated College,1074526,1644252712455,1644251637929,female,helpful,english,0.75,0.55,,,,21278,90,20
3019,high_certainty,positive,positive,1,prior,main,31,NA,NA,Interesting study,4,Graduated College,1074526,1644252712455,1644251637929,female,helpful,english,NA,NA,,,,40246,90,21
3019,high_certainty,positive,positive,1,posterior,main,31,NA,NA,Interesting study,7,Graduated College,1074526,1644252712455,1644251637929,female,helpful,english,NA,NA,,,,13547,100,22
3019,high_certainty,positive,positive,1,relevance,main,31,NA,NA,Interesting study,NA,Graduated College,1074526,1644252712455,1644251637929,female,helpful,english,NA,NA,,,,7574,91,23
3019,exhaustive,negative,negative,4,prior,main,31,NA,NA,Interesting study,2,Graduated College,1074526,1644252712455,1644251637929,female,helpful,english,NA,NA,,,,37683,51,24
3019,exhaustive,negative,negative,4,posterior,main,31,NA,NA,Interesting study,7,Graduated College,1074526,1644252712455,1644251637929,female,helpful,english,NA,NA,,,,14804,0,25
3019,exhaustive,negative,negative,4,relevance,main,31,NA,NA,Interesting study,NA,Graduated College,1074526,1644252712455,1644251637929,female,helpful,english,NA,NA,,,,6129,100,26
3019,high_certainty,positive,neutral,7,prior,main,31,NA,NA,Interesting study,4,Graduated College,1074526,1644252712455,1644251637929,female,helpful,english,NA,NA,,,,41547,70,27
3019,high_certainty,positive,neutral,7,posterior,main,31,NA,NA,Interesting study,6,Graduated College,1074526,1644252712455,1644251637929,female,helpful,english,NA,NA,,,,16885,85,28
3019,high_certainty,positive,neutral,7,relevance,main,31,NA,NA,Interesting study,NA,Graduated College,1074526,1644252712455,1644251637929,female,helpful,english,NA,NA,,,,8154,75,29
3019,NA,NA,NA,2,prior,attention,31,2,2,Interesting study,2,Graduated College,1074526,1644252712455,1644251637929,female,helpful,english,0.85,0.75,,,,33999,82,30
3019,exhaustive,negative,negative,12,prior,main,31,NA,NA,Interesting study,5,Graduated College,1074526,1644252712455,1644251637929,female,helpful,english,NA,NA,,,,33541,16,31
3019,exhaustive,negative,negative,12,posterior,main,31,NA,NA,Interesting study,7,Graduated College,1074526,1644252712455,1644251637929,female,helpful,english,NA,NA,,,,14045,0,32
3019,exhaustive,negative,negative,12,relevance,main,31,NA,NA,Interesting study,NA,Graduated College,1074526,1644252712455,1644251637929,female,helpful,english,NA,NA,,,,5306,99,33
3018,NA,NA,NA,1,prior,practice,37,NA,NA,,7,Graduated College,952135,1644252632384,1644251680249,female,helpful,english,NA,NA,,,,65754,50,1
3018,NA,NA,NA,1,posterior,practice,37,NA,NA,,7,Graduated College,952135,1644252632384,1644251680249,female,helpful,english,NA,NA,,,,25875,0,2
3018,NA,NA,NA,1,relevance,practice,37,NA,NA,,NA,Graduated College,952135,1644252632384,1644251680249,female,helpful,english,NA,NA,,,,6340,100,3
3018,high_certainty,negative,neutral,11,prior,main,37,NA,NA,,4,Graduated College,952135,1644252632384,1644251680249,female,helpful,english,NA,NA,,,,22259,50,1
3018,high_certainty,negative,neutral,11,posterior,main,37,NA,NA,,6,Graduated College,952135,1644252632384,1644251680249,female,helpful,english,NA,NA,,,,18241,10,2
3018,high_certainty,negative,neutral,11,relevance,main,37,NA,NA,,NA,Graduated College,952135,1644252632384,1644251680249,female,helpful,english,NA,NA,,,,7006,100,3
3018,NA,NA,NA,1,prior,reasoning,37,4,1,,3,Graduated College,952135,1644252632384,1644251680249,female,helpful,english,0.6,0.4,,,,22845,50,4
3018,NA,NA,NA,1,posterior,reasoning,37,7,3,,7,Graduated College,952135,1644252632384,1644251680249,female,helpful,english,0.6,0.4,,,,13867,50,5
3018,high_certainty,positive,negative,12,prior,main,37,NA,NA,,7,Graduated College,952135,1644252632384,1644251680249,female,helpful,english,NA,NA,,,,14992,0,6
3018,high_certainty,positive,negative,12,posterior,main,37,NA,NA,,6,Graduated College,952135,1644252632384,1644251680249,female,helpful,english,NA,NA,,,,17818,15,7
3018,high_certainty,positive,negative,12,relevance,main,37,NA,NA,,NA,Graduated College,952135,1644252632384,1644251680249,female,helpful,english,NA,NA,,,,10395,40,8
3018,low_certainty,positive,neutral,2,prior,main,37,NA,NA,,3,Graduated College,952135,1644252632384,1644251680249,female,helpful,english,NA,NA,,,,19020,75,9
3018,low_certainty,positive,neutral,2,posterior,main,37,NA,NA,,6,Graduated College,952135,1644252632384,1644251680249,female,helpful,english,NA,NA,,,,15127,90,10
3018,low_certainty,positive,neutral,2,relevance,main,37,NA,NA,,NA,Graduated College,952135,1644252632384,1644251680249,female,helpful,english,NA,NA,,,,11111,92,11
3018,NA,NA,NA,1,prior,attention,37,6,6,,6,Graduated College,952135,1644252632384,1644251680249,female,helpful,english,1,0.95,,,,25697,100,12
3018,high_certainty,negative,neutral,4,prior,main,37,NA,NA,,5,Graduated College,952135,1644252632384,1644251680249,female,helpful,english,NA,NA,,,,19554,50,13
3018,high_certainty,negative,neutral,4,posterior,main,37,NA,NA,,4,Graduated College,952135,1644252632384,1644251680249,female,helpful,english,NA,NA,,,,18430,34,14
3018,high_certainty,negative,neutral,4,relevance,main,37,NA,NA,,NA,Graduated College,952135,1644252632384,1644251680249,female,helpful,english,NA,NA,,,,5515,50,15
3018,exhaustive,positive,neutral,7,prior,main,37,NA,NA,,4,Graduated College,952135,1644252632384,1644251680249,female,helpful,english,NA,NA,,,,47762,50,16
3018,exhaustive,positive,neutral,7,posterior,main,37,NA,NA,,5,Graduated College,952135,1644252632384,1644251680249,female,helpful,english,NA,NA,,,,20010,90,17
3018,exhaustive,positive,neutral,7,relevance,main,37,NA,NA,,NA,Graduated College,952135,1644252632384,1644251680249,female,helpful,english,NA,NA,,,,12442,90,18
3018,NA,NA,NA,2,prior,reasoning,37,7,5,,6,Graduated College,952135,1644252632384,1644251680249,female,helpful,english,0.45,0.25,,,,65008,30,19
3018,NA,NA,NA,2,posterior,reasoning,37,7,5,,6,Graduated College,952135,1644252632384,1644251680249,female,helpful,english,0.75,0.55,,,,33084,50,20
3018,exhaustive,negative,positive,9,prior,main,37,NA,NA,,6,Graduated College,952135,1644252632384,1644251680249,female,helpful,english,NA,NA,,,,61687,85,21
3018,exhaustive,negative,positive,9,posterior,main,37,NA,NA,,7,Graduated College,952135,1644252632384,1644251680249,female,helpful,english,NA,NA,,,,13108,0,22
3018,exhaustive,negative,positive,9,relevance,main,37,NA,NA,,NA,Graduated College,952135,1644252632384,1644251680249,female,helpful,english,NA,NA,,,,4664,100,23
3018,non_answer,N/A,positive,1,prior,main,37,NA,NA,,7,Graduated College,952135,1644252632384,1644251680249,female,helpful,english,NA,NA,,,,47086,100,24
3018,non_answer,N/A,positive,1,posterior,main,37,NA,NA,,7,Graduated College,952135,1644252632384,1644251680249,female,helpful,english,NA,NA,,,,25301,100,25
3018,non_answer,N/A,positive,1,relevance,main,37,NA,NA,,NA,Graduated College,952135,1644252632384,1644251680249,female,helpful,english,NA,NA,,,,2931,0,26
3018,low_certainty,negative,positive,5,prior,main,37,NA,NA,,5,Graduated College,952135,1644252632384,1644251680249,female,helpful,english,NA,NA,,,,64101,50,27
3018,low_certainty,negative,positive,5,posterior,main,37,NA,NA,,5,Graduated College,952135,1644252632384,1644251680249,female,helpful,english,NA,NA,,,,11895,25,28
3018,low_certainty,negative,positive,5,relevance,main,37,NA,NA,,NA,Graduated College,952135,1644252632384,1644251680249,female,helpful,english,NA,NA,,,,6132,75,29
3018,NA,NA,NA,2,prior,attention,37,2,2,,2,Graduated College,952135,1644252632384,1644251680249,female,helpful,english,0.85,0.75,,,,44556,82,30
3018,exhaustive,negative,neutral,8,prior,main,37,NA,NA,,4,Graduated College,952135,1644252632384,1644251680249,female,helpful,english,NA,NA,,,,30492,50,31
3018,exhaustive,negative,neutral,8,posterior,main,37,NA,NA,,7,Graduated College,952135,1644252632384,1644251680249,female,helpful,english,NA,NA,,,,13703,0,32
3018,exhaustive,negative,neutral,8,relevance,main,37,NA,NA,,NA,Graduated College,952135,1644252632384,1644251680249,female,helpful,english,NA,NA,,,,46862,100,33
3017,NA,NA,NA,1,prior,practice,59,NA,NA,,7,Graduated College,799399,1644252359772,1644251560373,female,relevant,English,NA,NA,,,,65611,95,1
3017,NA,NA,NA,1,posterior,practice,59,NA,NA,,5,Graduated College,799399,1644252359772,1644251560373,female,relevant,English,NA,NA,,,,37225,26,2
3017,NA,NA,NA,1,relevance,practice,59,NA,NA,,NA,Graduated College,799399,1644252359772,1644251560373,female,relevant,English,NA,NA,,,,10923,83,3
3017,high_certainty,negative,negative,2,prior,main,59,NA,NA,,6,Graduated College,799399,1644252359772,1644251560373,female,relevant,English,NA,NA,,,,23382,29,1
3017,high_certainty,negative,negative,2,posterior,main,59,NA,NA,,7,Graduated College,799399,1644252359772,1644251560373,female,relevant,English,NA,NA,,,,21842,1,2
3017,high_certainty,negative,negative,2,relevance,main,59,NA,NA,,NA,Graduated College,799399,1644252359772,1644251560373,female,relevant,English,NA,NA,,,,6975,94,3
3017,NA,NA,NA,1,prior,reasoning,59,4,1,,6,Graduated College,799399,1644252359772,1644251560373,female,relevant,English,0.6,0.4,,,,29929,45,4
3017,NA,NA,NA,1,posterior,reasoning,59,7,3,,6,Graduated College,799399,1644252359772,1644251560373,female,relevant,English,0.6,0.4,,,,33735,52,5
3017,low_certainty,negative,neutral,1,prior,main,59,NA,NA,,4,Graduated College,799399,1644252359772,1644251560373,female,relevant,English,NA,NA,,,,29366,78,6
3017,low_certainty,negative,neutral,1,posterior,main,59,NA,NA,,6,Graduated College,799399,1644252359772,1644251560373,female,relevant,English,NA,NA,,,,15229,14,7
3017,low_certainty,negative,neutral,1,relevance,main,59,NA,NA,,NA,Graduated College,799399,1644252359772,1644251560373,female,relevant,English,NA,NA,,,,9294,76,8
3017,exhaustive,negative,positive,10,prior,main,59,NA,NA,,5,Graduated College,799399,1644252359772,1644251560373,female,relevant,English,NA,NA,,,,28340,59,9
3017,exhaustive,negative,positive,10,posterior,main,59,NA,NA,,7,Graduated College,799399,1644252359772,1644251560373,female,relevant,English,NA,NA,,,,15397,1,10
3017,exhaustive,negative,positive,10,relevance,main,59,NA,NA,,NA,Graduated College,799399,1644252359772,1644251560373,female,relevant,English,NA,NA,,,,6669,99,11
3017,NA,NA,NA,1,prior,attention,59,6,6,,6,Graduated College,799399,1644252359772,1644251560373,female,relevant,English,1,0.95,,,,32054,100,12
3017,non_answer,N/A,negative,7,prior,main,59,NA,NA,,5,Graduated College,799399,1644252359772,1644251560373,female,relevant,English,NA,NA,,,,32111,43,13
3017,non_answer,N/A,negative,7,posterior,main,59,NA,NA,,5,Graduated College,799399,1644252359772,1644251560373,female,relevant,English,NA,NA,,,,26232,42,14
3017,non_answer,N/A,negative,7,relevance,main,59,NA,NA,,NA,Graduated College,799399,1644252359772,1644251560373,female,relevant,English,NA,NA,,,,6588,0,15
3017,low_certainty,negative,negative,3,prior,main,59,NA,NA,,4,Graduated College,799399,1644252359772,1644251560373,female,relevant,English,NA,NA,,,,22861,44,16
3017,low_certainty,negative,negative,3,posterior,main,59,NA,NA,,6,Graduated College,799399,1644252359772,1644251560373,female,relevant,English,NA,NA,,,,14763,74,17
3017,low_certainty,negative,negative,3,relevance,main,59,NA,NA,,NA,Graduated College,799399,1644252359772,1644251560373,female,relevant,English,NA,NA,,,,7361,73,18
3017,NA,NA,NA,2,prior,reasoning,59,7,5,,6,Graduated College,799399,1644252359772,1644251560373,female,relevant,English,0.45,0.25,,,,44133,25,19
3017,NA,NA,NA,2,posterior,reasoning,59,7,5,,6,Graduated College,799399,1644252359772,1644251560373,female,relevant,English,0.75,0.55,,,,17647,68,20
3017,exhaustive,negative,positive,8,prior,main,59,NA,NA,,4,Graduated College,799399,1644252359772,1644251560373,female,relevant,English,NA,NA,,,,20958,59,21
3017,exhaustive,negative,positive,8,posterior,main,59,NA,NA,,7,Graduated College,799399,1644252359772,1644251560373,female,relevant,English,NA,NA,,,,14447,1,22
3017,exhaustive,negative,positive,8,relevance,main,59,NA,NA,,NA,Graduated College,799399,1644252359772,1644251560373,female,relevant,English,NA,NA,,,,6958,99,23
3017,high_certainty,positive,positive,4,prior,main,59,NA,NA,,5,Graduated College,799399,1644252359772,1644251560373,female,relevant,English,NA,NA,,,,23007,21,24
3017,high_certainty,positive,positive,4,posterior,main,59,NA,NA,,5,Graduated College,799399,1644252359772,1644251560373,female,relevant,English,NA,NA,,,,10381,56,25
3017,high_certainty,positive,positive,4,relevance,main,59,NA,NA,,NA,Graduated College,799399,1644252359772,1644251560373,female,relevant,English,NA,NA,,,,5486,71,26
3017,exhaustive,positive,positive,6,prior,main,59,NA,NA,,5,Graduated College,799399,1644252359772,1644251560373,female,relevant,English,NA,NA,,,,20749,63,27
3017,exhaustive,positive,positive,6,posterior,main,59,NA,NA,,7,Graduated College,799399,1644252359772,1644251560373,female,relevant,English,NA,NA,,,,15221,95,28
3017,exhaustive,positive,positive,6,relevance,main,59,NA,NA,,NA,Graduated College,799399,1644252359772,1644251560373,female,relevant,English,NA,NA,,,,6090,99,29
3017,NA,NA,NA,2,prior,attention,59,2,2,,2,Graduated College,799399,1644252359772,1644251560373,female,relevant,English,0.85,0.75,,,,35231,83,30
3017,high_certainty,negative,positive,11,prior,main,59,NA,NA,,6,Graduated College,799399,1644252359772,1644251560373,female,relevant,English,NA,NA,,,,22999,93,31
3017,high_certainty,negative,positive,11,posterior,main,59,NA,NA,,5,Graduated College,799399,1644252359772,1644251560373,female,relevant,English,NA,NA,,,,13067,58,32
3017,high_certainty,negative,positive,11,relevance,main,59,NA,NA,,NA,Graduated College,799399,1644252359772,1644251560373,female,relevant,English,NA,NA,,,,5715,66,33
3016,NA,NA,NA,1,prior,practice,38,NA,NA,,4,Graduated College,739323,1644252282948,1644251543625,other,helpful,English,NA,NA,,,,64433,74,1
3016,NA,NA,NA,1,posterior,practice,38,NA,NA,,5,Graduated College,739323,1644252282948,1644251543625,other,helpful,English,NA,NA,,,,33079,10,2
3016,NA,NA,NA,1,relevance,practice,38,NA,NA,,NA,Graduated College,739323,1644252282948,1644251543625,other,helpful,English,NA,NA,,,,13922,68,3
3016,high_certainty,positive,neutral,8,prior,main,38,NA,NA,,3,Graduated College,739323,1644252282948,1644251543625,other,helpful,English,NA,NA,,,,21337,62,1
3016,high_certainty,positive,neutral,8,posterior,main,38,NA,NA,,5,Graduated College,739323,1644252282948,1644251543625,other,helpful,English,NA,NA,,,,11919,83,2
3016,high_certainty,positive,neutral,8,relevance,main,38,NA,NA,,NA,Graduated College,739323,1644252282948,1644251543625,other,helpful,English,NA,NA,,,,6536,79,3
3016,NA,NA,NA,1,prior,reasoning,38,4,1,,4,Graduated College,739323,1644252282948,1644251543625,other,helpful,English,0.6,0.4,,,,37368,43,4
3016,NA,NA,NA,1,posterior,reasoning,38,7,3,,6,Graduated College,739323,1644252282948,1644251543625,other,helpful,English,0.6,0.4,,,,27840,57,5
3016,exhaustive,negative,neutral,4,prior,main,38,NA,NA,,4,Graduated College,739323,1644252282948,1644251543625,other,helpful,English,NA,NA,,,,32176,5,6
3016,exhaustive,negative,neutral,4,posterior,main,38,NA,NA,,7,Graduated College,739323,1644252282948,1644251543625,other,helpful,English,NA,NA,,,,18728,0,7
3016,exhaustive,negative,neutral,4,relevance,main,38,NA,NA,,NA,Graduated College,739323,1644252282948,1644251543625,other,helpful,English,NA,NA,,,,5688,100,8
3016,non_answer,N/A,positive,10,prior,main,38,NA,NA,,5,Graduated College,739323,1644252282948,1644251543625,other,helpful,English,NA,NA,,,,26672,67,9
3016,non_answer,N/A,positive,10,posterior,main,38,NA,NA,,2,Graduated College,739323,1644252282948,1644251543625,other,helpful,English,NA,NA,,,,13672,55,10
3016,non_answer,N/A,positive,10,relevance,main,38,NA,NA,,NA,Graduated College,739323,1644252282948,1644251543625,other,helpful,English,NA,NA,,,,4568,0,11
3016,NA,NA,NA,1,prior,attention,38,6,6,,6,Graduated College,739323,1644252282948,1644251543625,other,helpful,English,1,0.95,,,,33241,100,12
3016,exhaustive,positive,negative,11,prior,main,38,NA,NA,,6,Graduated College,739323,1644252282948,1644251543625,other,helpful,English,NA,NA,,,,31760,66,13
3016,exhaustive,positive,negative,11,posterior,main,38,NA,NA,,7,Graduated College,739323,1644252282948,1644251543625,other,helpful,English,NA,NA,,,,10279,100,14
3016,exhaustive,positive,negative,11,relevance,main,38,NA,NA,,NA,Graduated College,739323,1644252282948,1644251543625,other,helpful,English,NA,NA,,,,3264,100,15
3016,high_certainty,positive,neutral,2,prior,main,38,NA,NA,,6,Graduated College,739323,1644252282948,1644251543625,other,helpful,English,NA,NA,,,,18696,80,16
3016,high_certainty,positive,neutral,2,posterior,main,38,NA,NA,,7,Graduated College,739323,1644252282948,1644251543625,other,helpful,English,NA,NA,,,,17921,80,17
3016,high_certainty,positive,neutral,2,relevance,main,38,NA,NA,,NA,Graduated College,739323,1644252282948,1644251543625,other,helpful,English,NA,NA,,,,3816,74,18
3016,NA,NA,NA,2,prior,reasoning,38,7,5,,5,Graduated College,739323,1644252282948,1644251543625,other,helpful,English,0.45,0.25,,,,41391,54,19
3016,NA,NA,NA,2,posterior,reasoning,38,7,5,,6,Graduated College,739323,1644252282948,1644251543625,other,helpful,English,0.75,0.55,,,,14041,88,20
3016,low_certainty,positive,positive,3,prior,main,38,NA,NA,,5,Graduated College,739323,1644252282948,1644251543625,other,helpful,English,NA,NA,,,,27592,75,21
3016,low_certainty,positive,positive,3,posterior,main,38,NA,NA,,4,Graduated College,739323,1644252282948,1644251543625,other,helpful,English,NA,NA,,,,17271,80,22
3016,low_certainty,positive,positive,3,relevance,main,38,NA,NA,,NA,Graduated College,739323,1644252282948,1644251543625,other,helpful,English,NA,NA,,,,5840,18,23
3016,low_certainty,negative,neutral,12,prior,main,38,NA,NA,,4,Graduated College,739323,1644252282948,1644251543625,other,helpful,English,NA,NA,,,,22320,60,24
3016,low_certainty,negative,neutral,12,posterior,main,38,NA,NA,,5,Graduated College,739323,1644252282948,1644251543625,other,helpful,English,NA,NA,,,,13896,28,25
3016,low_certainty,negative,neutral,12,relevance,main,38,NA,NA,,NA,Graduated College,739323,1644252282948,1644251543625,other,helpful,English,NA,NA,,,,5160,69,26
3016,non_answer,N/A,positive,5,prior,main,38,NA,NA,,5,Graduated College,739323,1644252282948,1644251543625,other,helpful,English,NA,NA,,,,20264,86,27
3016,non_answer,N/A,positive,5,posterior,main,38,NA,NA,,5,Graduated College,739323,1644252282948,1644251543625,other,helpful,English,NA,NA,,,,18729,86,28
3016,non_answer,N/A,positive,5,relevance,main,38,NA,NA,,NA,Graduated College,739323,1644252282948,1644251543625,other,helpful,English,NA,NA,,,,3295,7,29
3016,NA,NA,NA,2,prior,attention,38,2,2,,2,Graduated College,739323,1644252282948,1644251543625,other,helpful,English,0.85,0.75,,,,21800,83,30
3016,low_certainty,positive,positive,1,prior,main,38,NA,NA,,5,Graduated College,739323,1644252282948,1644251543625,other,helpful,English,NA,NA,,,,20409,78,31
3016,low_certainty,positive,positive,1,posterior,main,38,NA,NA,,6,Graduated College,739323,1644252282948,1644251543625,other,helpful,English,NA,NA,,,,12591,83,32
3016,low_certainty,positive,positive,1,relevance,main,38,NA,NA,,NA,Graduated College,739323,1644252282948,1644251543625,other,helpful,English,NA,NA,,,,3040,67,33
3015,NA,NA,NA,1,prior,practice,61,NA,NA,,2,Graduated High-school,1106518,1644252269805,1644251163287,female,helpful,english,NA,NA,,,,128325,94,1
3015,NA,NA,NA,1,posterior,practice,61,NA,NA,,6,Graduated High-school,1106518,1644252269805,1644251163287,female,helpful,english,NA,NA,,,,71460,3,2
3015,NA,NA,NA,1,relevance,practice,61,NA,NA,,NA,Graduated High-school,1106518,1644252269805,1644251163287,female,helpful,english,NA,NA,,,,17399,90,3
3015,high_certainty,negative,neutral,9,prior,main,61,NA,NA,,4,Graduated High-school,1106518,1644252269805,1644251163287,female,helpful,english,NA,NA,,,,46479,50,1
3015,high_certainty,negative,neutral,9,posterior,main,61,NA,NA,,5,Graduated High-school,1106518,1644252269805,1644251163287,female,helpful,english,NA,NA,,,,23854,20,2
3015,high_certainty,negative,neutral,9,relevance,main,61,NA,NA,,NA,Graduated High-school,1106518,1644252269805,1644251163287,female,helpful,english,NA,NA,,,,9561,70,3
3015,NA,NA,NA,1,prior,reasoning,61,4,1,,4,Graduated High-school,1106518,1644252269805,1644251163287,female,helpful,english,0.6,0.4,,,,29885,50,4
3015,NA,NA,NA,1,posterior,reasoning,61,7,3,,4,Graduated High-school,1106518,1644252269805,1644251163287,female,helpful,english,0.6,0.4,,,,30225,50,5
3015,exhaustive,negative,neutral,1,prior,main,61,NA,NA,,5,Graduated High-school,1106518,1644252269805,1644251163287,female,helpful,english,NA,NA,,,,35970,60,6
3015,exhaustive,negative,neutral,1,posterior,main,61,NA,NA,,3,Graduated High-school,1106518,1644252269805,1644251163287,female,helpful,english,NA,NA,,,,26178,40,7
3015,exhaustive,negative,neutral,1,relevance,main,61,NA,NA,,NA,Graduated High-school,1106518,1644252269805,1644251163287,female,helpful,english,NA,NA,,,,11019,90,8
3015,low_certainty,positive,negative,4,prior,main,61,NA,NA,,4,Graduated High-school,1106518,1644252269805,1644251163287,female,helpful,english,NA,NA,,,,42861,20,9
3015,low_certainty,positive,negative,4,posterior,main,61,NA,NA,,4,Graduated High-school,1106518,1644252269805,1644251163287,female,helpful,english,NA,NA,,,,24738,33,10
3015,low_certainty,positive,negative,4,relevance,main,61,NA,NA,,NA,Graduated High-school,1106518,1644252269805,1644251163287,female,helpful,english,NA,NA,,,,10160,19,11
3015,NA,NA,NA,1,prior,attention,61,6,6,,6,Graduated High-school,1106518,1644252269805,1644251163287,female,helpful,english,1,0.95,,,,61490,100,12
3015,exhaustive,negative,neutral,12,prior,main,61,NA,NA,,6,Graduated High-school,1106518,1644252269805,1644251163287,female,helpful,english,NA,NA,,,,27571,10,13
3015,exhaustive,negative,neutral,12,posterior,main,61,NA,NA,,7,Graduated High-school,1106518,1644252269805,1644251163287,female,helpful,english,NA,NA,,,,36310,3,14
3015,exhaustive,negative,neutral,12,relevance,main,61,NA,NA,,NA,Graduated High-school,1106518,1644252269805,1644251163287,female,helpful,english,NA,NA,,,,10963,95,15
3015,high_certainty,positive,neutral,11,prior,main,61,NA,NA,,4,Graduated High-school,1106518,1644252269805,1644251163287,female,helpful,english,NA,NA,,,,23665,50,16
3015,high_certainty,positive,neutral,11,posterior,main,61,NA,NA,,6,Graduated High-school,1106518,1644252269805,1644251163287,female,helpful,english,NA,NA,,,,19500,90,17
3015,high_certainty,positive,neutral,11,relevance,main,61,NA,NA,,NA,Graduated High-school,1106518,1644252269805,1644251163287,female,helpful,english,NA,NA,,,,12142,90,18
3015,NA,NA,NA,2,prior,reasoning,61,7,5,,6,Graduated High-school,1106518,1644252269805,1644251163287,female,helpful,english,0.45,0.25,,,,32177,75,19
3015,NA,NA,NA,2,posterior,reasoning,61,7,5,,7,Graduated High-school,1106518,1644252269805,1644251163287,female,helpful,english,0.75,0.55,,,,31868,90,20
3015,low_certainty,positive,positive,7,prior,main,61,NA,NA,,4,Graduated High-school,1106518,1644252269805,1644251163287,female,helpful,english,NA,NA,,,,36220,60,21
3015,low_certainty,positive,positive,7,posterior,main,61,NA,NA,,4,Graduated High-school,1106518,1644252269805,1644251163287,female,helpful,english,NA,NA,,,,24485,50,22
3015,low_certainty,positive,positive,7,relevance,main,61,NA,NA,,NA,Graduated High-school,1106518,1644252269805,1644251163287,female,helpful,english,NA,NA,,,,9290,10,23
3015,low_certainty,negative,negative,10,prior,main,61,NA,NA,,3,Graduated High-school,1106518,1644252269805,1644251163287,female,helpful,english,NA,NA,,,,27692,59,24
3015,low_certainty,negative,negative,10,posterior,main,61,NA,NA,,4,Graduated High-school,1106518,1644252269805,1644251163287,female,helpful,english,NA,NA,,,,21039,40,25
3015,low_certainty,negative,negative,10,relevance,main,61,NA,NA,,NA,Graduated High-school,1106518,1644252269805,1644251163287,female,helpful,english,NA,NA,,,,8391,60,26
3015,high_certainty,negative,negative,6,prior,main,61,NA,NA,,6,Graduated High-school,1106518,1644252269805,1644251163287,female,helpful,english,NA,NA,,,,30670,11,27
3015,high_certainty,negative,negative,6,posterior,main,61,NA,NA,,6,Graduated High-school,1106518,1644252269805,1644251163287,female,helpful,english,NA,NA,,,,17602,5,28
3015,high_certainty,negative,negative,6,relevance,main,61,NA,NA,,NA,Graduated High-school,1106518,1644252269805,1644251163287,female,helpful,english,NA,NA,,,,6584,88,29
3015,NA,NA,NA,2,prior,attention,61,2,2,,2,Graduated High-school,1106518,1644252269805,1644251163287,female,helpful,english,0.85,0.75,,,,29734,84,30
3015,non_answer,N/A,neutral,5,prior,main,61,NA,NA,,4,Graduated High-school,1106518,1644252269805,1644251163287,female,helpful,english,NA,NA,,,,25511,50,31
3015,non_answer,N/A,neutral,5,posterior,main,61,NA,NA,,4,Graduated High-school,1106518,1644252269805,1644251163287,female,helpful,english,NA,NA,,,,20236,50,32
3015,non_answer,N/A,neutral,5,relevance,main,61,NA,NA,,NA,Graduated High-school,1106518,1644252269805,1644251163287,female,helpful,english,NA,NA,,,,6658,39,33
3014,NA,NA,NA,1,prior,practice,31,NA,NA,,3,Graduated College,704836,1644252125096,1644251420260,female,relevant,English,NA,NA,,,,72549,95,1
3014,NA,NA,NA,1,posterior,practice,31,NA,NA,,6,Graduated College,704836,1644252125096,1644251420260,female,relevant,English,NA,NA,,,,48303,0,2
3014,NA,NA,NA,1,relevance,practice,31,NA,NA,,NA,Graduated College,704836,1644252125096,1644251420260,female,relevant,English,NA,NA,,,,18897,83,3
3014,high_certainty,positive,positive,2,prior,main,31,NA,NA,,6,Graduated College,704836,1644252125096,1644251420260,female,relevant,English,NA,NA,,,,26601,73,1
3014,high_certainty,positive,positive,2,posterior,main,31,NA,NA,,7,Graduated College,704836,1644252125096,1644251420260,female,relevant,English,NA,NA,,,,21335,100,2
3014,high_certainty,positive,positive,2,relevance,main,31,NA,NA,,NA,Graduated College,704836,1644252125096,1644251420260,female,relevant,English,NA,NA,,,,8336,97,3
3014,NA,NA,NA,1,prior,reasoning,31,4,1,,4,Graduated College,704836,1644252125096,1644251420260,female,relevant,English,0.6,0.4,,,,26272,50,4
3014,NA,NA,NA,1,posterior,reasoning,31,7,3,,7,Graduated College,704836,1644252125096,1644251420260,female,relevant,English,0.6,0.4,,,,17735,50,5
3014,high_certainty,negative,neutral,4,prior,main,31,NA,NA,,5,Graduated College,704836,1644252125096,1644251420260,female,relevant,English,NA,NA,,,,23338,27,6
3014,high_certainty,negative,neutral,4,posterior,main,31,NA,NA,,4,Graduated College,704836,1644252125096,1644251420260,female,relevant,English,NA,NA,,,,12789,6,7
3014,high_certainty,negative,neutral,4,relevance,main,31,NA,NA,,NA,Graduated College,704836,1644252125096,1644251420260,female,relevant,English,NA,NA,,,,4435,72,8
3014,non_answer,N/A,positive,8,prior,main,31,NA,NA,,6,Graduated College,704836,1644252125096,1644251420260,female,relevant,English,NA,NA,,,,25421,79,9
3014,non_answer,N/A,positive,8,posterior,main,31,NA,NA,,4,Graduated College,704836,1644252125096,1644251420260,female,relevant,English,NA,NA,,,,13580,47,10
3014,non_answer,N/A,positive,8,relevance,main,31,NA,NA,,NA,Graduated College,704836,1644252125096,1644251420260,female,relevant,English,NA,NA,,,,4185,7,11
3014,NA,NA,NA,1,prior,attention,31,6,6,,6,Graduated College,704836,1644252125096,1644251420260,female,relevant,English,1,0.95,,,,18692,100,12
3014,low_certainty,positive,neutral,11,prior,main,31,NA,NA,,6,Graduated College,704836,1644252125096,1644251420260,female,relevant,English,NA,NA,,,,15433,80,13
3014,low_certainty,positive,neutral,11,posterior,main,31,NA,NA,,6,Graduated College,704836,1644252125096,1644251420260,female,relevant,English,NA,NA,,,,9624,91,14
3014,low_certainty,positive,neutral,11,relevance,main,31,NA,NA,,NA,Graduated College,704836,1644252125096,1644251420260,female,relevant,English,NA,NA,,,,5195,86,15
3014,low_certainty,negative,negative,5,prior,main,31,NA,NA,,6,Graduated College,704836,1644252125096,1644251420260,female,relevant,English,NA,NA,,,,20623,25,16
3014,low_certainty,negative,negative,5,posterior,main,31,NA,NA,,6,Graduated College,704836,1644252125096,1644251420260,female,relevant,English,NA,NA,,,,11639,92,17
3014,low_certainty,negative,negative,5,relevance,main,31,NA,NA,,NA,Graduated College,704836,1644252125096,1644251420260,female,relevant,English,NA,NA,,,,10833,84,18
3014,NA,NA,NA,2,prior,reasoning,31,7,5,,3,Graduated College,704836,1644252125096,1644251420260,female,relevant,English,0.45,0.25,,,,24487,35,19
3014,NA,NA,NA,2,posterior,reasoning,31,7,5,,4,Graduated College,704836,1644252125096,1644251420260,female,relevant,English,0.75,0.55,,,,14445,40,20
3014,exhaustive,negative,neutral,12,prior,main,31,NA,NA,,6,Graduated College,704836,1644252125096,1644251420260,female,relevant,English,NA,NA,,,,17588,10,21
3014,exhaustive,negative,neutral,12,posterior,main,31,NA,NA,,7,Graduated College,704836,1644252125096,1644251420260,female,relevant,English,NA,NA,,,,15477,0,22
3014,exhaustive,negative,neutral,12,relevance,main,31,NA,NA,,NA,Graduated College,704836,1644252125096,1644251420260,female,relevant,English,NA,NA,,,,6047,99,23
3014,non_answer,N/A,neutral,9,prior,main,31,NA,NA,,6,Graduated College,704836,1644252125096,1644251420260,female,relevant,English,NA,NA,,,,15485,85,24
3014,non_answer,N/A,neutral,9,posterior,main,31,NA,NA,,5,Graduated College,704836,1644252125096,1644251420260,female,relevant,English,NA,NA,,,,12323,20,25
3014,non_answer,N/A,neutral,9,relevance,main,31,NA,NA,,NA,Graduated College,704836,1644252125096,1644251420260,female,relevant,English,NA,NA,,,,7434,10,26
3014,high_certainty,positive,neutral,1,prior,main,31,NA,NA,,7,Graduated College,704836,1644252125096,1644251420260,female,relevant,English,NA,NA,,,,20744,100,27
3014,high_certainty,positive,neutral,1,posterior,main,31,NA,NA,,7,Graduated College,704836,1644252125096,1644251420260,female,relevant,English,NA,NA,,,,12381,100,28
3014,high_certainty,positive,neutral,1,relevance,main,31,NA,NA,,NA,Graduated College,704836,1644252125096,1644251420260,female,relevant,English,NA,NA,,,,6144,100,29
3014,NA,NA,NA,2,prior,attention,31,2,2,,2,Graduated College,704836,1644252125096,1644251420260,female,relevant,English,0.85,0.75,,,,26052,83,30
3014,high_certainty,negative,positive,10,prior,main,31,NA,NA,,3,Graduated College,704836,1644252125096,1644251420260,female,relevant,English,NA,NA,,,,20850,35,31
3014,high_certainty,negative,positive,10,posterior,main,31,NA,NA,,4,Graduated College,704836,1644252125096,1644251420260,female,relevant,English,NA,NA,,,,15319,25,32
3014,high_certainty,negative,positive,10,relevance,main,31,NA,NA,,NA,Graduated College,704836,1644252125096,1644251420260,female,relevant,English,NA,NA,,,,14717,84,33
3013,NA,NA,NA,1,prior,practice,41,NA,NA,,7,Higher degree,547351,1644252012212,1644251464861,female,helpful,English,NA,NA,,,,40267,87,1
3013,NA,NA,NA,1,posterior,practice,41,NA,NA,,7,Higher degree,547351,1644252012212,1644251464861,female,helpful,English,NA,NA,,,,13312,2,2
3013,NA,NA,NA,1,relevance,practice,41,NA,NA,,NA,Higher degree,547351,1644252012212,1644251464861,female,helpful,English,NA,NA,,,,6857,91,3
3013,non_answer,N/A,negative,6,prior,main,41,NA,NA,,7,Higher degree,547351,1644252012212,1644251464861,female,helpful,English,NA,NA,,,,50113,4,1
3013,non_answer,N/A,negative,6,posterior,main,41,NA,NA,,7,Higher degree,547351,1644252012212,1644251464861,female,helpful,English,NA,NA,,,,10550,5,2
3013,non_answer,N/A,negative,6,relevance,main,41,NA,NA,,NA,Higher degree,547351,1644252012212,1644251464861,female,helpful,English,NA,NA,,,,4996,0,3
3013,NA,NA,NA,1,prior,reasoning,41,4,1,,3,Higher degree,547351,1644252012212,1644251464861,female,helpful,English,0.6,0.4,,,,23058,49,4
3013,NA,NA,NA,1,posterior,reasoning,41,7,3,,7,Higher degree,547351,1644252012212,1644251464861,female,helpful,English,0.6,0.4,,,,14141,49,5
3013,low_certainty,negative,negative,2,prior,main,41,NA,NA,,7,Higher degree,547351,1644252012212,1644251464861,female,helpful,English,NA,NA,,,,11209,11,6
3013,low_certainty,negative,negative,2,posterior,main,41,NA,NA,,7,Higher degree,547351,1644252012212,1644251464861,female,helpful,English,NA,NA,,,,13606,3,7
3013,low_certainty,negative,negative,2,relevance,main,41,NA,NA,,NA,Higher degree,547351,1644252012212,1644251464861,female,helpful,English,NA,NA,,,,7755,78,8
3013,non_answer,N/A,positive,7,prior,main,41,NA,NA,,6,Higher degree,547351,1644252012212,1644251464861,female,helpful,English,NA,NA,,,,29395,78,9
3013,non_answer,N/A,positive,7,posterior,main,41,NA,NA,,6,Higher degree,547351,1644252012212,1644251464861,female,helpful,English,NA,NA,,,,10091,78,10
3013,non_answer,N/A,positive,7,relevance,main,41,NA,NA,,NA,Higher degree,547351,1644252012212,1644251464861,female,helpful,English,NA,NA,,,,6229,2,11
3013,NA,NA,NA,1,prior,attention,41,6,6,,6,Higher degree,547351,1644252012212,1644251464861,female,helpful,English,1,0.95,,,,12570,100,12
3013,low_certainty,positive,negative,11,prior,main,41,NA,NA,,5,Higher degree,547351,1644252012212,1644251464861,female,helpful,English,NA,NA,,,,18313,37,13
3013,low_certainty,positive,negative,11,posterior,main,41,NA,NA,,6,Higher degree,547351,1644252012212,1644251464861,female,helpful,English,NA,NA,,,,11020,64,14
3013,low_certainty,positive,negative,11,relevance,main,41,NA,NA,,NA,Higher degree,547351,1644252012212,1644251464861,female,helpful,English,NA,NA,,,,6260,75,15
3013,high_certainty,negative,negative,3,prior,main,41,NA,NA,,5,Higher degree,547351,1644252012212,1644251464861,female,helpful,English,NA,NA,,,,11787,38,16
3013,high_certainty,negative,negative,3,posterior,main,41,NA,NA,,6,Higher degree,547351,1644252012212,1644251464861,female,helpful,English,NA,NA,,,,11654,34,17
3013,high_certainty,negative,negative,3,relevance,main,41,NA,NA,,NA,Higher degree,547351,1644252012212,1644251464861,female,helpful,English,NA,NA,,,,30230,65,18
3013,NA,NA,NA,2,prior,reasoning,41,7,5,,7,Higher degree,547351,1644252012212,1644251464861,female,helpful,English,0.45,0.25,,,,29335,33,19
3013,NA,NA,NA,2,posterior,reasoning,41,7,5,,7,Higher degree,547351,1644252012212,1644251464861,female,helpful,English,0.75,0.55,,,,16010,67,20
3013,exhaustive,negative,negative,1,prior,main,41,NA,NA,,6,Higher degree,547351,1644252012212,1644251464861,female,helpful,English,NA,NA,,,,18670,32,21
3013,exhaustive,negative,negative,1,posterior,main,41,NA,NA,,7,Higher degree,547351,1644252012212,1644251464861,female,helpful,English,NA,NA,,,,11004,1,22
3013,exhaustive,negative,negative,1,relevance,main,41,NA,NA,,NA,Higher degree,547351,1644252012212,1644251464861,female,helpful,English,NA,NA,,,,5430,98,23
3013,high_certainty,positive,positive,8,prior,main,41,NA,NA,,6,Higher degree,547351,1644252012212,1644251464861,female,helpful,English,NA,NA,,,,13023,72,24
3013,high_certainty,positive,positive,8,posterior,main,41,NA,NA,,7,Higher degree,547351,1644252012212,1644251464861,female,helpful,English,NA,NA,,,,8796,100,25
3013,high_certainty,positive,positive,8,relevance,main,41,NA,NA,,NA,Higher degree,547351,1644252012212,1644251464861,female,helpful,English,NA,NA,,,,5500,99,26
3013,high_certainty,negative,positive,4,prior,main,41,NA,NA,,4,Higher degree,547351,1644252012212,1644251464861,female,helpful,English,NA,NA,,,,10395,51,27
3013,high_certainty,negative,positive,4,posterior,main,41,NA,NA,,6,Higher degree,547351,1644252012212,1644251464861,female,helpful,English,NA,NA,,,,10411,30,28
3013,high_certainty,negative,positive,4,relevance,main,41,NA,NA,,NA,Higher degree,547351,1644252012212,1644251464861,female,helpful,English,NA,NA,,,,5696,77,29
3013,NA,NA,NA,2,prior,attention,41,2,2,,6,Higher degree,547351,1644252012212,1644251464861,female,helpful,English,0.85,0.75,,,,13709,14,30
3013,exhaustive,positive,positive,9,prior,main,41,NA,NA,,7,Higher degree,547351,1644252012212,1644251464861,female,helpful,English,NA,NA,,,,15002,90,31
3013,exhaustive,positive,positive,9,posterior,main,41,NA,NA,,7,Higher degree,547351,1644252012212,1644251464861,female,helpful,English,NA,NA,,,,7690,100,32
3013,exhaustive,positive,positive,9,relevance,main,41,NA,NA,,NA,Higher degree,547351,1644252012212,1644251464861,female,helpful,English,NA,NA,,,,4951,99,33
3012,NA,NA,NA,1,prior,practice,31,NA,NA,,3,Higher degree,522886,1644251972297,1644251449411,female,helpful,english,NA,NA,,,,52765,78,1
3012,NA,NA,NA,1,posterior,practice,31,NA,NA,,6,Higher degree,522886,1644251972297,1644251449411,female,helpful,english,NA,NA,,,,13756,3,2
3012,NA,NA,NA,1,relevance,practice,31,NA,NA,,NA,Higher degree,522886,1644251972297,1644251449411,female,helpful,english,NA,NA,,,,8993,93,3
3012,high_certainty,negative,neutral,6,prior,main,31,NA,NA,,3,Higher degree,522886,1644251972297,1644251449411,female,helpful,english,NA,NA,,,,16404,35,1
3012,high_certainty,negative,neutral,6,posterior,main,31,NA,NA,,6,Higher degree,522886,1644251972297,1644251449411,female,helpful,english,NA,NA,,,,7336,4,2
3012,high_certainty,negative,neutral,6,relevance,main,31,NA,NA,,NA,Higher degree,522886,1644251972297,1644251449411,female,helpful,english,NA,NA,,,,4995,97,3
3012,NA,NA,NA,1,prior,reasoning,31,4,1,,4,Higher degree,522886,1644251972297,1644251449411,female,helpful,english,0.6,0.4,,,,17136,50,4
3012,NA,NA,NA,1,posterior,reasoning,31,7,3,,6,Higher degree,522886,1644251972297,1644251449411,female,helpful,english,0.6,0.4,,,,27241,50,5
3012,low_certainty,positive,positive,3,prior,main,31,NA,NA,,3,Higher degree,522886,1644251972297,1644251449411,female,helpful,english,NA,NA,,,,16890,65,6
3012,low_certainty,positive,positive,3,posterior,main,31,NA,NA,,3,Higher degree,522886,1644251972297,1644251449411,female,helpful,english,NA,NA,,,,21708,65,7
3012,low_certainty,positive,positive,3,relevance,main,31,NA,NA,,NA,Higher degree,522886,1644251972297,1644251449411,female,helpful,english,NA,NA,,,,4812,17,8
3012,low_certainty,negative,positive,4,prior,main,31,NA,NA,,2,Higher degree,522886,1644251972297,1644251449411,female,helpful,english,NA,NA,,,,15786,55,9
3012,low_certainty,negative,positive,4,posterior,main,31,NA,NA,,4,Higher degree,522886,1644251972297,1644251449411,female,helpful,english,NA,NA,,,,8548,19,10
3012,low_certainty,negative,positive,4,relevance,main,31,NA,NA,,NA,Higher degree,522886,1644251972297,1644251449411,female,helpful,english,NA,NA,,,,5198,70,11
3012,NA,NA,NA,1,prior,attention,31,6,6,,6,Higher degree,522886,1644251972297,1644251449411,female,helpful,english,1,0.95,,,,23887,100,12
3012,non_answer,N/A,neutral,2,prior,main,31,NA,NA,,4,Higher degree,522886,1644251972297,1644251449411,female,helpful,english,NA,NA,,,,13909,85,13
3012,non_answer,N/A,neutral,2,posterior,main,31,NA,NA,,4,Higher degree,522886,1644251972297,1644251449411,female,helpful,english,NA,NA,,,,13360,85,14
3012,non_answer,N/A,neutral,2,relevance,main,31,NA,NA,,NA,Higher degree,522886,1644251972297,1644251449411,female,helpful,english,NA,NA,,,,3086,0,15
3012,exhaustive,negative,neutral,10,prior,main,31,NA,NA,,3,Higher degree,522886,1644251972297,1644251449411,female,helpful,english,NA,NA,,,,16069,69,16
3012,exhaustive,negative,neutral,10,posterior,main,31,NA,NA,,7,Higher degree,522886,1644251972297,1644251449411,female,helpful,english,NA,NA,,,,8052,0,17
3012,exhaustive,negative,neutral,10,relevance,main,31,NA,NA,,NA,Higher degree,522886,1644251972297,1644251449411,female,helpful,english,NA,NA,,,,3091,100,18
3012,NA,NA,NA,2,prior,reasoning,31,7,5,,2,Higher degree,522886,1644251972297,1644251449411,female,helpful,english,0.45,0.25,,,,20072,34,19
3012,NA,NA,NA,2,posterior,reasoning,31,7,5,,3,Higher degree,522886,1644251972297,1644251449411,female,helpful,english,0.75,0.55,,,,17804,45,20
3012,exhaustive,positive,positive,1,prior,main,31,NA,NA,,5,Higher degree,522886,1644251972297,1644251449411,female,helpful,english,NA,NA,,,,19537,76,21
3012,exhaustive,positive,positive,1,posterior,main,31,NA,NA,,7,Higher degree,522886,1644251972297,1644251449411,female,helpful,english,NA,NA,,,,7045,100,22
3012,exhaustive,positive,positive,1,relevance,main,31,NA,NA,,NA,Higher degree,522886,1644251972297,1644251449411,female,helpful,english,NA,NA,,,,5556,100,23
3012,high_certainty,negative,negative,12,prior,main,31,NA,NA,,4,Higher degree,522886,1644251972297,1644251449411,female,helpful,english,NA,NA,,,,17617,2,24
3012,high_certainty,negative,negative,12,posterior,main,31,NA,NA,,7,Higher degree,522886,1644251972297,1644251449411,female,helpful,english,NA,NA,,,,6565,0,25
3012,high_certainty,negative,negative,12,relevance,main,31,NA,NA,,NA,Higher degree,522886,1644251972297,1644251449411,female,helpful,english,NA,NA,,,,4685,100,26
3012,high_certainty,positive,positive,8,prior,main,31,NA,NA,,4,Higher degree,522886,1644251972297,1644251449411,female,helpful,english,NA,NA,,,,16271,83,27
3012,high_certainty,positive,positive,8,posterior,main,31,NA,NA,,5,Higher degree,522886,1644251972297,1644251449411,female,helpful,english,NA,NA,,,,13778,97,28
3012,high_certainty,positive,positive,8,relevance,main,31,NA,NA,,NA,Higher degree,522886,1644251972297,1644251449411,female,helpful,english,NA,NA,,,,3875,91,29
3012,NA,NA,NA,2,prior,attention,31,2,2,,2,Higher degree,522886,1644251972297,1644251449411,female,helpful,english,0.85,0.75,,,,21007,83,30
3012,non_answer,N/A,positive,11,prior,main,31,NA,NA,,4,Higher degree,522886,1644251972297,1644251449411,female,helpful,english,NA,NA,,,,14535,80,31
3012,non_answer,N/A,positive,11,posterior,main,31,NA,NA,,4,Higher degree,522886,1644251972297,1644251449411,female,helpful,english,NA,NA,,,,8774,80,32
3012,non_answer,N/A,positive,11,relevance,main,31,NA,NA,,NA,Higher degree,522886,1644251972297,1644251449411,female,helpful,english,NA,NA,,,,3733,7,33
3011,NA,NA,NA,1,prior,practice,32,NA,NA,None,4,Higher degree,639856,1644251701118,1644251061262,male,helpful,English,NA,NA,,,,61143,81,1
3011,NA,NA,NA,1,posterior,practice,32,NA,NA,None,6,Higher degree,639856,1644251701118,1644251061262,male,helpful,English,NA,NA,,,,34974,6,2
3011,NA,NA,NA,1,relevance,practice,32,NA,NA,None,NA,Higher degree,639856,1644251701118,1644251061262,male,helpful,English,NA,NA,,,,10725,98,3
3011,high_certainty,positive,negative,6,prior,main,32,NA,NA,None,2,Higher degree,639856,1644251701118,1644251061262,male,helpful,English,NA,NA,,,,23968,40,1
3011,high_certainty,positive,negative,6,posterior,main,32,NA,NA,None,3,Higher degree,639856,1644251701118,1644251061262,male,helpful,English,NA,NA,,,,17185,70,2
3011,high_certainty,positive,negative,6,relevance,main,32,NA,NA,None,NA,Higher degree,639856,1644251701118,1644251061262,male,helpful,English,NA,NA,,,,4062,63,3
3011,NA,NA,NA,1,prior,reasoning,32,4,1,None,2,Higher degree,639856,1644251701118,1644251061262,male,helpful,English,0.6,0.4,,,,29784,50,4
3011,NA,NA,NA,1,posterior,reasoning,32,7,3,None,4,Higher degree,639856,1644251701118,1644251061262,male,helpful,English,0.6,0.4,,,,21439,50,5
3011,non_answer,N/A,positive,5,prior,main,32,NA,NA,None,3,Higher degree,639856,1644251701118,1644251061262,male,helpful,English,NA,NA,,,,18200,75,6
3011,non_answer,N/A,positive,5,posterior,main,32,NA,NA,None,3,Higher degree,639856,1644251701118,1644251061262,male,helpful,English,NA,NA,,,,19295,75,7
3011,non_answer,N/A,positive,5,relevance,main,32,NA,NA,None,NA,Higher degree,639856,1644251701118,1644251061262,male,helpful,English,NA,NA,,,,4021,0,8
3011,high_certainty,negative,negative,3,prior,main,32,NA,NA,None,2,Higher degree,639856,1644251701118,1644251061262,male,helpful,English,NA,NA,,,,19616,40,9
3011,high_certainty,negative,negative,3,posterior,main,32,NA,NA,None,6,Higher degree,639856,1644251701118,1644251061262,male,helpful,English,NA,NA,,,,14074,3,10
3011,high_certainty,negative,negative,3,relevance,main,32,NA,NA,None,NA,Higher degree,639856,1644251701118,1644251061262,male,helpful,English,NA,NA,,,,9083,97,11
3011,NA,NA,NA,1,prior,attention,32,6,6,None,6,Higher degree,639856,1644251701118,1644251061262,male,helpful,English,1,0.95,,,,31952,100,12
3011,high_certainty,positive,positive,12,prior,main,32,NA,NA,None,4,Higher degree,639856,1644251701118,1644251061262,male,helpful,English,NA,NA,,,,19409,90,13
3011,high_certainty,positive,positive,12,posterior,main,32,NA,NA,None,6,Higher degree,639856,1644251701118,1644251061262,male,helpful,English,NA,NA,,,,9322,98,14
3011,high_certainty,positive,positive,12,relevance,main,32,NA,NA,None,NA,Higher degree,639856,1644251701118,1644251061262,male,helpful,English,NA,NA,,,,5371,97,15
3011,exhaustive,positive,positive,9,prior,main,32,NA,NA,None,4,Higher degree,639856,1644251701118,1644251061262,male,helpful,English,NA,NA,,,,17741,60,16
3011,exhaustive,positive,positive,9,posterior,main,32,NA,NA,None,7,Higher degree,639856,1644251701118,1644251061262,male,helpful,English,NA,NA,,,,8392,100,17
3011,exhaustive,positive,positive,9,relevance,main,32,NA,NA,None,NA,Higher degree,639856,1644251701118,1644251061262,male,helpful,English,NA,NA,,,,3744,100,18
3011,NA,NA,NA,2,prior,reasoning,32,7,5,None,7,Higher degree,639856,1644251701118,1644251061262,male,helpful,English,0.45,0.25,,,,27283,33,19
3011,NA,NA,NA,2,posterior,reasoning,32,7,5,None,7,Higher degree,639856,1644251701118,1644251061262,male,helpful,English,0.75,0.55,,,,22113,68,20
3011,high_certainty,negative,negative,1,prior,main,32,NA,NA,None,6,Higher degree,639856,1644251701118,1644251061262,male,helpful,English,NA,NA,,,,32082,10,21
3011,high_certainty,negative,negative,1,posterior,main,32,NA,NA,None,6,Higher degree,639856,1644251701118,1644251061262,male,helpful,English,NA,NA,,,,12082,1,22
3011,high_certainty,negative,negative,1,relevance,main,32,NA,NA,None,NA,Higher degree,639856,1644251701118,1644251061262,male,helpful,English,NA,NA,,,,4692,97,23
3011,exhaustive,positive,neutral,2,prior,main,32,NA,NA,None,5,Higher degree,639856,1644251701118,1644251061262,male,helpful,English,NA,NA,,,,24991,65,24
3011,exhaustive,positive,neutral,2,posterior,main,32,NA,NA,None,7,Higher degree,639856,1644251701118,1644251061262,male,helpful,English,NA,NA,,,,5838,100,25
3011,exhaustive,positive,neutral,2,relevance,main,32,NA,NA,None,NA,Higher degree,639856,1644251701118,1644251061262,male,helpful,English,NA,NA,,,,2014,100,26
3011,non_answer,N/A,positive,8,prior,main,32,NA,NA,None,3,Higher degree,639856,1644251701118,1644251061262,male,helpful,English,NA,NA,,,,14343,60,27
3011,non_answer,N/A,positive,8,posterior,main,32,NA,NA,None,3,Higher degree,639856,1644251701118,1644251061262,male,helpful,English,NA,NA,,,,12718,60,28
3011,non_answer,N/A,positive,8,relevance,main,32,NA,NA,None,NA,Higher degree,639856,1644251701118,1644251061262,male,helpful,English,NA,NA,,,,2410,0,29
3011,NA,NA,NA,2,prior,attention,32,2,2,None,2,Higher degree,639856,1644251701118,1644251061262,male,helpful,English,0.85,0.75,,,,19344,83,30
3011,low_certainty,negative,neutral,11,prior,main,32,NA,NA,None,4,Higher degree,639856,1644251701118,1644251061262,male,helpful,English,NA,NA,,,,15968,50,31
3011,low_certainty,negative,neutral,11,posterior,main,32,NA,NA,None,5,Higher degree,639856,1644251701118,1644251061262,male,helpful,English,NA,NA,,,,11569,20,32
3011,low_certainty,negative,neutral,11,relevance,main,32,NA,NA,None,NA,Higher degree,639856,1644251701118,1644251061262,male,helpful,English,NA,NA,,,,7687,75,33
3010,NA,NA,NA,1,prior,practice,28,NA,NA,,7,Graduated College,815012,1644251617448,1644250802436,male,relevant,English,NA,NA,,,,43810,66,1
3010,NA,NA,NA,1,posterior,practice,28,NA,NA,,5,Graduated College,815012,1644251617448,1644250802436,male,relevant,English,NA,NA,,,,27168,7,2
3010,NA,NA,NA,1,relevance,practice,28,NA,NA,,NA,Graduated College,815012,1644251617448,1644250802436,male,relevant,English,NA,NA,,,,10107,95,3
3010,high_certainty,positive,negative,11,prior,main,28,NA,NA,,7,Graduated College,815012,1644251617448,1644250802436,male,relevant,English,NA,NA,,,,40108,70,1
3010,high_certainty,positive,negative,11,posterior,main,28,NA,NA,,7,Graduated College,815012,1644251617448,1644250802436,male,relevant,English,NA,NA,,,,12421,90,2
3010,high_certainty,positive,negative,11,relevance,main,28,NA,NA,,NA,Graduated College,815012,1644251617448,1644250802436,male,relevant,English,NA,NA,,,,2959,100,3
3010,NA,NA,NA,1,prior,reasoning,28,4,1,,5,Graduated College,815012,1644251617448,1644250802436,male,relevant,English,0.6,0.4,,,,36370,50,4
3010,NA,NA,NA,1,posterior,reasoning,28,7,3,,6,Graduated College,815012,1644251617448,1644250802436,male,relevant,English,0.6,0.4,,,,14665,95,5
3010,high_certainty,positive,neutral,5,prior,main,28,NA,NA,,5,Graduated College,815012,1644251617448,1644250802436,male,relevant,English,NA,NA,,,,19823,70,6
3010,high_certainty,positive,neutral,5,posterior,main,28,NA,NA,,6,Graduated College,815012,1644251617448,1644250802436,male,relevant,English,NA,NA,,,,9878,80,7
3010,high_certainty,positive,neutral,5,relevance,main,28,NA,NA,,NA,Graduated College,815012,1644251617448,1644250802436,male,relevant,English,NA,NA,,,,2184,100,8
3010,exhaustive,positive,neutral,10,prior,main,28,NA,NA,,4,Graduated College,815012,1644251617448,1644250802436,male,relevant,English,NA,NA,,,,15644,15,9
3010,exhaustive,positive,neutral,10,posterior,main,28,NA,NA,,6,Graduated College,815012,1644251617448,1644250802436,male,relevant,English,NA,NA,,,,11840,95,10
3010,exhaustive,positive,neutral,10,relevance,main,28,NA,NA,,NA,Graduated College,815012,1644251617448,1644250802436,male,relevant,English,NA,NA,,,,4166,100,11
3010,NA,NA,NA,1,prior,attention,28,6,6,,6,Graduated College,815012,1644251617448,1644250802436,male,relevant,English,1,0.95,,,,24176,100,12
3010,low_certainty,negative,positive,1,prior,main,28,NA,NA,,5,Graduated College,815012,1644251617448,1644250802436,male,relevant,English,NA,NA,,,,13868,80,13
3010,low_certainty,negative,positive,1,posterior,main,28,NA,NA,,5,Graduated College,815012,1644251617448,1644250802436,male,relevant,English,NA,NA,,,,15421,66,14
3010,low_certainty,negative,positive,1,relevance,main,28,NA,NA,,NA,Graduated College,815012,1644251617448,1644250802436,male,relevant,English,NA,NA,,,,5526,35,15
3010,high_certainty,negative,negative,7,prior,main,28,NA,NA,,3,Graduated College,815012,1644251617448,1644250802436,male,relevant,English,NA,NA,,,,26680,10,16
3010,high_certainty,negative,negative,7,posterior,main,28,NA,NA,,5,Graduated College,815012,1644251617448,1644250802436,male,relevant,English,NA,NA,,,,17198,5,17
3010,high_certainty,negative,negative,7,relevance,main,28,NA,NA,,NA,Graduated College,815012,1644251617448,1644250802436,male,relevant,English,NA,NA,,,,5839,45,18
3010,NA,NA,NA,2,prior,reasoning,28,7,5,,7,Graduated College,815012,1644251617448,1644250802436,male,relevant,English,0.45,0.25,,,,81590,33,19
3010,NA,NA,NA,2,posterior,reasoning,28,7,5,,7,Graduated College,815012,1644251617448,1644250802436,male,relevant,English,0.75,0.55,,,,37210,66,20
3010,low_certainty,negative,neutral,2,prior,main,28,NA,NA,,5,Graduated College,815012,1644251617448,1644250802436,male,relevant,English,NA,NA,,,,11064,75,21
3010,low_certainty,negative,neutral,2,posterior,main,28,NA,NA,,5,Graduated College,815012,1644251617448,1644250802436,male,relevant,English,NA,NA,,,,11742,20,22
3010,low_certainty,negative,neutral,2,relevance,main,28,NA,NA,,NA,Graduated College,815012,1644251617448,1644250802436,male,relevant,English,NA,NA,,,,3979,40,23
3010,low_certainty,positive,positive,6,prior,main,28,NA,NA,,5,Graduated College,815012,1644251617448,1644250802436,male,relevant,English,NA,NA,,,,31107,74,24
3010,low_certainty,positive,positive,6,posterior,main,28,NA,NA,,3,Graduated College,815012,1644251617448,1644250802436,male,relevant,English,NA,NA,,,,22120,45,25
3010,low_certainty,positive,positive,6,relevance,main,28,NA,NA,,NA,Graduated College,815012,1644251617448,1644250802436,male,relevant,English,NA,NA,,,,10110,25,26
3010,exhaustive,negative,neutral,4,prior,main,28,NA,NA,,5,Graduated College,815012,1644251617448,1644250802436,male,relevant,English,NA,NA,,,,38001,5,27
3010,exhaustive,negative,neutral,4,posterior,main,28,NA,NA,,4,Graduated College,815012,1644251617448,1644250802436,male,relevant,English,NA,NA,,,,28273,1,28
3010,exhaustive,negative,neutral,4,relevance,main,28,NA,NA,,NA,Graduated College,815012,1644251617448,1644250802436,male,relevant,English,NA,NA,,,,5182,66,29
3010,NA,NA,NA,2,prior,attention,28,2,2,,2,Graduated College,815012,1644251617448,1644250802436,male,relevant,English,0.85,0.75,,,,21338,81,30
3010,exhaustive,positive,neutral,12,prior,main,28,NA,NA,,5,Graduated College,815012,1644251617448,1644250802436,male,relevant,English,NA,NA,,,,22557,2,31
3010,exhaustive,positive,neutral,12,posterior,main,28,NA,NA,,7,Graduated College,815012,1644251617448,1644250802436,male,relevant,English,NA,NA,,,,8956,100,32
3010,exhaustive,positive,neutral,12,relevance,main,28,NA,NA,,NA,Graduated College,815012,1644251617448,1644250802436,male,relevant,English,NA,NA,,,,2933,100,33
3009,NA,NA,NA,1,prior,practice,21,NA,NA,"This was interesting and well-laid out, thank you!",4,Graduated High-school,920189,1644248271224,1644247351035,female,helpful,English,NA,NA,,,,56039,88,1
3009,NA,NA,NA,1,posterior,practice,21,NA,NA,"This was interesting and well-laid out, thank you!",5,Graduated High-school,920189,1644248271224,1644247351035,female,helpful,English,NA,NA,,,,44522,9,2
3009,NA,NA,NA,1,relevance,practice,21,NA,NA,"This was interesting and well-laid out, thank you!",NA,Graduated High-school,920189,1644248271224,1644247351035,female,helpful,English,NA,NA,,,,9117,74,3
3009,exhaustive,positive,positive,10,prior,main,21,NA,NA,"This was interesting and well-laid out, thank you!",2,Graduated High-school,920189,1644248271224,1644247351035,female,helpful,English,NA,NA,,,,54624,40,1
3009,exhaustive,positive,positive,10,posterior,main,21,NA,NA,"This was interesting and well-laid out, thank you!",7,Graduated High-school,920189,1644248271224,1644247351035,female,helpful,English,NA,NA,,,,22418,100,2
3009,exhaustive,positive,positive,10,relevance,main,21,NA,NA,"This was interesting and well-laid out, thank you!",NA,Graduated High-school,920189,1644248271224,1644247351035,female,helpful,English,NA,NA,,,,3234,100,3
3009,NA,NA,NA,1,prior,reasoning,21,4,1,"This was interesting and well-laid out, thank you!",2,Graduated High-school,920189,1644248271224,1644247351035,female,helpful,English,0.6,0.4,,,,60138,50,4
3009,NA,NA,NA,1,posterior,reasoning,21,7,3,"This was interesting and well-laid out, thank you!",5,Graduated High-school,920189,1644248271224,1644247351035,female,helpful,English,0.6,0.4,,,,17952,50,5
3009,high_certainty,negative,positive,6,prior,main,21,NA,NA,"This was interesting and well-laid out, thank you!",4,Graduated High-school,920189,1644248271224,1644247351035,female,helpful,English,NA,NA,,,,20253,70,6
3009,high_certainty,negative,positive,6,posterior,main,21,NA,NA,"This was interesting and well-laid out, thank you!",6,Graduated High-school,920189,1644248271224,1644247351035,female,helpful,English,NA,NA,,,,10050,10,7
3009,high_certainty,negative,positive,6,relevance,main,21,NA,NA,"This was interesting and well-laid out, thank you!",NA,Graduated High-school,920189,1644248271224,1644247351035,female,helpful,English,NA,NA,,,,2517,83,8
3009,low_certainty,negative,neutral,3,prior,main,21,NA,NA,"This was interesting and well-laid out, thank you!",2,Graduated High-school,920189,1644248271224,1644247351035,female,helpful,English,NA,NA,,,,14202,40,9
3009,low_certainty,negative,neutral,3,posterior,main,21,NA,NA,"This was interesting and well-laid out, thank you!",4,Graduated High-school,920189,1644248271224,1644247351035,female,helpful,English,NA,NA,,,,14850,55,10
3009,low_certainty,negative,neutral,3,relevance,main,21,NA,NA,"This was interesting and well-laid out, thank you!",NA,Graduated High-school,920189,1644248271224,1644247351035,female,helpful,English,NA,NA,,,,7352,48,11
3009,NA,NA,NA,1,prior,attention,21,6,6,"This was interesting and well-laid out, thank you!",6,Graduated High-school,920189,1644248271224,1644247351035,female,helpful,English,0.05,0,,,,34353,100,12
3009,low_certainty,positive,positive,4,prior,main,21,NA,NA,"This was interesting and well-laid out, thank you!",3,Graduated High-school,920189,1644248271224,1644247351035,female,helpful,English,NA,NA,,,,30320,60,13
3009,low_certainty,positive,positive,4,posterior,main,21,NA,NA,"This was interesting and well-laid out, thank you!",5,Graduated High-school,920189,1644248271224,1644247351035,female,helpful,English,NA,NA,,,,20036,76,14
3009,low_certainty,positive,positive,4,relevance,main,21,NA,NA,"This was interesting and well-laid out, thank you!",NA,Graduated High-school,920189,1644248271224,1644247351035,female,helpful,English,NA,NA,,,,3282,59,15
3009,non_answer,N/A,neutral,9,prior,main,21,NA,NA,"This was interesting and well-laid out, thank you!",4,Graduated High-school,920189,1644248271224,1644247351035,female,helpful,English,NA,NA,,,,23133,81,16
3009,non_answer,N/A,neutral,9,posterior,main,21,NA,NA,"This was interesting and well-laid out, thank you!",4,Graduated High-school,920189,1644248271224,1644247351035,female,helpful,English,NA,NA,,,,14816,80,17
3009,non_answer,N/A,neutral,9,relevance,main,21,NA,NA,"This was interesting and well-laid out, thank you!",NA,Graduated High-school,920189,1644248271224,1644247351035,female,helpful,English,NA,NA,,,,2866,30,18
3009,NA,NA,NA,2,prior,reasoning,21,7,5,"This was interesting and well-laid out, thank you!",6,Graduated High-school,920189,1644248271224,1644247351035,female,helpful,English,0.45,0.25,,,,58139,33,19
3009,NA,NA,NA,2,posterior,reasoning,21,7,5,"This was interesting and well-laid out, thank you!",6,Graduated High-school,920189,1644248271224,1644247351035,female,helpful,English,0.75,0.55,,,,29437,66,20
3009,non_answer,N/A,neutral,12,prior,main,21,NA,NA,"This was interesting and well-laid out, thank you!",3,Graduated High-school,920189,1644248271224,1644247351035,female,helpful,English,NA,NA,,,,32370,33,21
3009,non_answer,N/A,neutral,12,posterior,main,21,NA,NA,"This was interesting and well-laid out, thank you!",3,Graduated High-school,920189,1644248271224,1644247351035,female,helpful,English,NA,NA,,,,8949,33,22
3009,non_answer,N/A,neutral,12,relevance,main,21,NA,NA,"This was interesting and well-laid out, thank you!",NA,Graduated High-school,920189,1644248271224,1644247351035,female,helpful,English,NA,NA,,,,2234,23,23
3009,exhaustive,positive,neutral,11,prior,main,21,NA,NA,"This was interesting and well-laid out, thank you!",3,Graduated High-school,920189,1644248271224,1644247351035,female,helpful,English,NA,NA,,,,11684,28,24
3009,exhaustive,positive,neutral,11,posterior,main,21,NA,NA,"This was interesting and well-laid out, thank you!",6,Graduated High-school,920189,1644248271224,1644247351035,female,helpful,English,NA,NA,,,,6883,90,25
3009,exhaustive,positive,neutral,11,relevance,main,21,NA,NA,"This was interesting and well-laid out, thank you!",NA,Graduated High-school,920189,1644248271224,1644247351035,female,helpful,English,NA,NA,,,,1401,87,26
3009,high_certainty,positive,positive,2,prior,main,21,NA,NA,"This was interesting and well-laid out, thank you!",5,Graduated High-school,920189,1644248271224,1644247351035,female,helpful,English,NA,NA,,,,10985,78,27
3009,high_certainty,positive,positive,2,posterior,main,21,NA,NA,"This was interesting and well-laid out, thank you!",6,Graduated High-school,920189,1644248271224,1644247351035,female,helpful,English,NA,NA,,,,8400,90,28
3009,high_certainty,positive,positive,2,relevance,main,21,NA,NA,"This was interesting and well-laid out, thank you!",NA,Graduated High-school,920189,1644248271224,1644247351035,female,helpful,English,NA,NA,,,,2534,90,29
3009,NA,NA,NA,2,prior,attention,21,2,2,"This was interesting and well-laid out, thank you!",2,Graduated High-school,920189,1644248271224,1644247351035,female,helpful,English,0.85,0.75,,,,25436,83,30
3009,exhaustive,negative,neutral,7,prior,main,21,NA,NA,"This was interesting and well-laid out, thank you!",2,Graduated High-school,920189,1644248271224,1644247351035,female,helpful,English,NA,NA,,,,35970,22,31
3009,exhaustive,negative,neutral,7,posterior,main,21,NA,NA,"This was interesting and well-laid out, thank you!",5,Graduated High-school,920189,1644248271224,1644247351035,female,helpful,English,NA,NA,,,,20118,4,32
3009,exhaustive,negative,neutral,7,relevance,main,21,NA,NA,"This was interesting and well-laid out, thank you!",NA,Graduated High-school,920189,1644248271224,1644247351035,female,helpful,English,NA,NA,,,,5900,90,33
3008,NA,NA,NA,1,prior,practice,28,NA,NA,,4,Higher degree,611437,1644248000842,1644247389405,female,helpful,english,NA,NA,,,,54394,75,1
3008,NA,NA,NA,1,posterior,practice,28,NA,NA,,6,Higher degree,611437,1644248000842,1644247389405,female,helpful,english,NA,NA,,,,19505,0,2
3008,NA,NA,NA,1,relevance,practice,28,NA,NA,,NA,Higher degree,611437,1644248000842,1644247389405,female,helpful,english,NA,NA,,,,10278,89,3
3008,low_certainty,negative,neutral,1,prior,main,28,NA,NA,,7,Higher degree,611437,1644248000842,1644247389405,female,helpful,english,NA,NA,,,,30742,50,1
3008,low_certainty,negative,neutral,1,posterior,main,28,NA,NA,,7,Higher degree,611437,1644248000842,1644247389405,female,helpful,english,NA,NA,,,,13559,51,2
3008,low_certainty,negative,neutral,1,relevance,main,28,NA,NA,,NA,Higher degree,611437,1644248000842,1644247389405,female,helpful,english,NA,NA,,,,4146,7,3
3008,NA,NA,NA,1,prior,reasoning,28,4,1,,7,Higher degree,611437,1644248000842,1644247389405,female,helpful,english,0.6,0.4,,,,26052,49,4
3008,NA,NA,NA,1,posterior,reasoning,28,7,3,,7,Higher degree,611437,1644248000842,1644247389405,female,helpful,english,0.6,0.4,,,,15424,49,5
3008,non_answer,N/A,negative,9,prior,main,28,NA,NA,,5,Higher degree,611437,1644248000842,1644247389405,female,helpful,english,NA,NA,,,,17911,6,6
3008,non_answer,N/A,negative,9,posterior,main,28,NA,NA,,6,Higher degree,611437,1644248000842,1644247389405,female,helpful,english,NA,NA,,,,16868,6,7
3008,non_answer,N/A,negative,9,relevance,main,28,NA,NA,,NA,Higher degree,611437,1644248000842,1644247389405,female,helpful,english,NA,NA,,,,3478,0,8
3008,exhaustive,negative,negative,8,prior,main,28,NA,NA,,6,Higher degree,611437,1644248000842,1644247389405,female,helpful,english,NA,NA,,,,23215,3,9
3008,exhaustive,negative,negative,8,posterior,main,28,NA,NA,,7,Higher degree,611437,1644248000842,1644247389405,female,helpful,english,NA,NA,,,,12412,0,10
3008,exhaustive,negative,negative,8,relevance,main,28,NA,NA,,NA,Higher degree,611437,1644248000842,1644247389405,female,helpful,english,NA,NA,,,,7553,99,11
3008,NA,NA,NA,1,prior,attention,28,6,6,,6,Higher degree,611437,1644248000842,1644247389405,female,helpful,english,0.05,0,,,,19528,100,12
3008,low_certainty,positive,positive,3,prior,main,28,NA,NA,,5,Higher degree,611437,1644248000842,1644247389405,female,helpful,english,NA,NA,,,,26332,92,13
3008,low_certainty,positive,positive,3,posterior,main,28,NA,NA,,5,Higher degree,611437,1644248000842,1644247389405,female,helpful,english,NA,NA,,,,12708,91,14
3008,low_certainty,positive,positive,3,relevance,main,28,NA,NA,,NA,Higher degree,611437,1644248000842,1644247389405,female,helpful,english,NA,NA,,,,5649,32,15
3008,high_certainty,positive,positive,7,prior,main,28,NA,NA,,7,Higher degree,611437,1644248000842,1644247389405,female,helpful,english,NA,NA,,,,33956,75,16
3008,high_certainty,positive,positive,7,posterior,main,28,NA,NA,,7,Higher degree,611437,1644248000842,1644247389405,female,helpful,english,NA,NA,,,,12698,86,17
3008,high_certainty,positive,positive,7,relevance,main,28,NA,NA,,NA,Higher degree,611437,1644248000842,1644247389405,female,helpful,english,NA,NA,,,,3312,72,18
3008,NA,NA,NA,2,prior,reasoning,28,7,5,,4,Higher degree,611437,1644248000842,1644247389405,female,helpful,english,0.45,0.25,,,,27032,71,19
3008,NA,NA,NA,2,posterior,reasoning,28,7,5,,4,Higher degree,611437,1644248000842,1644247389405,female,helpful,english,0.75,0.55,,,,16447,90,20
3008,low_certainty,positive,negative,12,prior,main,28,NA,NA,,7,Higher degree,611437,1644248000842,1644247389405,female,helpful,english,NA,NA,,,,13517,1,21
3008,low_certainty,positive,negative,12,posterior,main,28,NA,NA,,7,Higher degree,611437,1644248000842,1644247389405,female,helpful,english,NA,NA,,,,10271,3,22
3008,low_certainty,positive,negative,12,relevance,main,28,NA,NA,,NA,Higher degree,611437,1644248000842,1644247389405,female,helpful,english,NA,NA,,,,5050,66,23
3008,high_certainty,negative,neutral,11,prior,main,28,NA,NA,,7,Higher degree,611437,1644248000842,1644247389405,female,helpful,english,NA,NA,,,,20449,49,24
3008,high_certainty,negative,neutral,11,posterior,main,28,NA,NA,,6,Higher degree,611437,1644248000842,1644247389405,female,helpful,english,NA,NA,,,,9324,10,25
3008,high_certainty,negative,neutral,11,relevance,main,28,NA,NA,,NA,Higher degree,611437,1644248000842,1644247389405,female,helpful,english,NA,NA,,,,3627,81,26
3008,exhaustive,negative,neutral,6,prior,main,28,NA,NA,,4,Higher degree,611437,1644248000842,1644247389405,female,helpful,english,NA,NA,,,,14626,81,27
3008,exhaustive,negative,neutral,6,posterior,main,28,NA,NA,,7,Higher degree,611437,1644248000842,1644247389405,female,helpful,english,NA,NA,,,,6860,0,28
3008,exhaustive,negative,neutral,6,relevance,main,28,NA,NA,,NA,Higher degree,611437,1644248000842,1644247389405,female,helpful,english,NA,NA,,,,4137,98,29
3008,NA,NA,NA,2,prior,attention,28,2,2,,2,Higher degree,611437,1644248000842,1644247389405,female,helpful,english,0.85,0.75,,,,15810,81,30
3008,high_certainty,negative,positive,10,prior,main,28,NA,NA,,5,Higher degree,611437,1644248000842,1644247389405,female,helpful,english,NA,NA,,,,28338,71,31
3008,high_certainty,negative,positive,10,posterior,main,28,NA,NA,,4,Higher degree,611437,1644248000842,1644247389405,female,helpful,english,NA,NA,,,,12017,15,32
3008,high_certainty,negative,positive,10,relevance,main,28,NA,NA,,NA,Higher degree,611437,1644248000842,1644247389405,female,helpful,english,NA,NA,,,,11009,82,33
3007,NA,NA,NA,1,prior,practice,,NA,NA,This is a test.,4,,125910,1644246263937,1644246138027,,relevant,,NA,NA,,,,5199,54,1
3007,NA,NA,NA,1,posterior,practice,,NA,NA,This is a test.,4,,125910,1644246263937,1644246138027,,relevant,,NA,NA,,,,3352,51,2
3007,NA,NA,NA,1,relevance,practice,,NA,NA,This is a test.,NA,,125910,1644246263937,1644246138027,,relevant,,NA,NA,,,,1625,52,3
3007,exhaustive,positive,neutral,12,prior,main,,NA,NA,This is a test.,4,,125910,1644246263937,1644246138027,,relevant,,NA,NA,,,,3431,51,1
3007,exhaustive,positive,neutral,12,posterior,main,,NA,NA,This is a test.,4,,125910,1644246263937,1644246138027,,relevant,,NA,NA,,,,2884,51,2
3007,exhaustive,positive,neutral,12,relevance,main,,NA,NA,This is a test.,NA,,125910,1644246263937,1644246138027,,relevant,,NA,NA,,,,1572,54,3
3007,NA,NA,NA,1,prior,reasoning,,4,1,This is a test.,4,,125910,1644246263937,1644246138027,,relevant,,0.6,0.4,,,,3163,52,4
3007,NA,NA,NA,1,posterior,reasoning,,7,3,This is a test.,4,,125910,1644246263937,1644246138027,,relevant,,0.6,0.4,,,,2896,52,5
3007,exhaustive,negative,neutral,5,prior,main,,NA,NA,This is a test.,4,,125910,1644246263937,1644246138027,,relevant,,NA,NA,,,,3539,54,6
3007,exhaustive,negative,neutral,5,posterior,main,,NA,NA,This is a test.,4,,125910,1644246263937,1644246138027,,relevant,,NA,NA,,,,3576,52,7
3007,exhaustive,negative,neutral,5,relevance,main,,NA,NA,This is a test.,NA,,125910,1644246263937,1644246138027,,relevant,,NA,NA,,,,1668,54,8
3007,low_certainty,negative,neutral,10,prior,main,,NA,NA,This is a test.,4,,125910,1644246263937,1644246138027,,relevant,,NA,NA,,,,2637,52,9
3007,low_certainty,negative,neutral,10,posterior,main,,NA,NA,This is a test.,4,,125910,1644246263937,1644246138027,,relevant,,NA,NA,,,,2779,53,10
3007,low_certainty,negative,neutral,10,relevance,main,,NA,NA,This is a test.,NA,,125910,1644246263937,1644246138027,,relevant,,NA,NA,,,,2047,53,11
3007,NA,NA,NA,1,prior,attention,,6,6,This is a test.,4,,125910,1644246263937,1644246138027,,relevant,,0.05,0,,,,4442,53,12
3007,high_certainty,positive,positive,3,prior,main,,NA,NA,This is a test.,4,,125910,1644246263937,1644246138027,,relevant,,NA,NA,,,,3220,52,13
3007,high_certainty,positive,positive,3,posterior,main,,NA,NA,This is a test.,4,,125910,1644246263937,1644246138027,,relevant,,NA,NA,,,,3395,51,14
3007,high_certainty,positive,positive,3,relevance,main,,NA,NA,This is a test.,NA,,125910,1644246263937,1644246138027,,relevant,,NA,NA,,,,2163,53,15
3007,high_certainty,positive,positive,8,prior,main,,NA,NA,This is a test.,4,,125910,1644246263937,1644246138027,,relevant,,NA,NA,,,,3230,53,16
3007,high_certainty,positive,positive,8,posterior,main,,NA,NA,This is a test.,4,,125910,1644246263937,1644246138027,,relevant,,NA,NA,,,,4092,53,17
3007,high_certainty,positive,positive,8,relevance,main,,NA,NA,This is a test.,NA,,125910,1644246263937,1644246138027,,relevant,,NA,NA,,,,1610,54,18
3007,NA,NA,NA,2,prior,reasoning,,7,5,This is a test.,4,,125910,1644246263937,1644246138027,,relevant,,0.45,0.25,,,,3426,52,19
3007,NA,NA,NA,2,posterior,reasoning,,7,5,This is a test.,4,,125910,1644246263937,1644246138027,,relevant,,0.75,0.55,,,,3921,53,20
3007,high_certainty,negative,negative,4,prior,main,,NA,NA,This is a test.,4,,125910,1644246263937,1644246138027,,relevant,,NA,NA,,,,7761,50,21
3007,high_certainty,negative,negative,4,posterior,main,,NA,NA,This is a test.,4,,125910,1644246263937,1644246138027,,relevant,,NA,NA,,,,4840,51,22
3007,high_certainty,negative,negative,4,relevance,main,,NA,NA,This is a test.,NA,,125910,1644246263937,1644246138027,,relevant,,NA,NA,,,,2003,52,23
3007,low_certainty,positive,positive,2,prior,main,,NA,NA,This is a test.,4,,125910,1644246263937,1644246138027,,relevant,,NA,NA,,,,4971,54,24
3007,low_certainty,positive,positive,2,posterior,main,,NA,NA,This is a test.,4,,125910,1644246263937,1644246138027,,relevant,,NA,NA,,,,2816,48,25
3007,low_certainty,positive,positive,2,relevance,main,,NA,NA,This is a test.,NA,,125910,1644246263937,1644246138027,,relevant,,NA,NA,,,,1770,51,26
3007,non_answer,N/A,negative,6,prior,main,,NA,NA,This is a test.,4,,125910,1644246263937,1644246138027,,relevant,,NA,NA,,,,4256,49,27
3007,non_answer,N/A,negative,6,posterior,main,,NA,NA,This is a test.,4,,125910,1644246263937,1644246138027,,relevant,,NA,NA,,,,3482,51,28
3007,non_answer,N/A,negative,6,relevance,main,,NA,NA,This is a test.,NA,,125910,1644246263937,1644246138027,,relevant,,NA,NA,,,,2607,51,29
3007,NA,NA,NA,2,prior,attention,,2,2,This is a test.,4,,125910,1644246263937,1644246138027,,relevant,,0.85,0.75,,,,3863,51,30
3007,high_certainty,negative,neutral,11,prior,main,,NA,NA,This is a test.,4,,125910,1644246263937,1644246138027,,relevant,,NA,NA,,,,3684,48,31
3007,high_certainty,negative,neutral,11,posterior,main,,NA,NA,This is a test.,4,,125910,1644246263937,1644246138027,,relevant,,NA,NA,,,,3724,51,32
3007,high_certainty,negative,neutral,11,relevance,main,,NA,NA,This is a test.,NA,,125910,1644246263937,1644246138027,,relevant,,NA,NA,,,,2356,51,33
3006,NA,NA,NA,1,prior,practice,,NA,NA,,4,,262750,1644246064746,1644245801996,,relevant,,NA,NA,,,,3897,51,1
3006,NA,NA,NA,1,posterior,practice,,NA,NA,,4,,262750,1644246064746,1644245801996,,relevant,,NA,NA,,,,3530,48,2
3006,NA,NA,NA,1,relevance,practice,,NA,NA,,NA,,262750,1644246064746,1644245801996,,relevant,,NA,NA,,,,2930,53,3
3006,exhaustive,negative,neutral,7,prior,main,,NA,NA,,4,,262750,1644246064746,1644245801996,,relevant,,NA,NA,,,,5182,52,1
3006,exhaustive,negative,neutral,7,posterior,main,,NA,NA,,4,,262750,1644246064746,1644245801996,,relevant,,NA,NA,,,,3454,51,2
3006,exhaustive,negative,neutral,7,relevance,main,,NA,NA,,NA,,262750,1644246064746,1644245801996,,relevant,,NA,NA,,,,2148,54,3
3006,NA,NA,NA,1,prior,reasoning,,4,1,,4,,262750,1644246064746,1644245801996,,relevant,,0.6,0.4,,,,2961,52,4
3006,NA,NA,NA,1,posterior,reasoning,,7,3,,4,,262750,1644246064746,1644245801996,,relevant,,0.6,0.4,,,,3099,52,5
3006,low_certainty,positive,positive,10,prior,main,,NA,NA,,4,,262750,1644246064746,1644245801996,,relevant,,NA,NA,,,,3185,51,6
3006,low_certainty,positive,positive,10,posterior,main,,NA,NA,,4,,262750,1644246064746,1644245801996,,relevant,,NA,NA,,,,3598,52,7
3006,low_certainty,positive,positive,10,relevance,main,,NA,NA,,NA,,262750,1644246064746,1644245801996,,relevant,,NA,NA,,,,2215,52,8
3006,low_certainty,negative,neutral,6,prior,main,,NA,NA,,4,,262750,1644246064746,1644245801996,,relevant,,NA,NA,,,,4806,53,9
3006,low_certainty,negative,neutral,6,posterior,main,,NA,NA,,4,,262750,1644246064746,1644245801996,,relevant,,NA,NA,,,,3714,52,10
3006,low_certainty,negative,neutral,6,relevance,main,,NA,NA,,NA,,262750,1644246064746,1644245801996,,relevant,,NA,NA,,,,1727,53,11
3006,NA,NA,NA,1,prior,attention,,6,6,,4,,262750,1644246064746,1644245801996,,relevant,,0.05,0,,,,3449,52,12
3006,exhaustive,positive,neutral,4,prior,main,,NA,NA,,4,,262750,1644246064746,1644245801996,,relevant,,NA,NA,,,,2863,53,13
3006,exhaustive,positive,neutral,4,posterior,main,,NA,NA,,4,,262750,1644246064746,1644245801996,,relevant,,NA,NA,,,,2515,52,14
3006,exhaustive,positive,neutral,4,relevance,main,,NA,NA,,NA,,262750,1644246064746,1644245801996,,relevant,,NA,NA,,,,1678,54,15
3006,low_certainty,negative,negative,3,prior,main,,NA,NA,,4,,262750,1644246064746,1644245801996,,relevant,,NA,NA,,,,2941,53,16
3006,low_certainty,negative,negative,3,posterior,main,,NA,NA,,4,,262750,1644246064746,1644245801996,,relevant,,NA,NA,,,,3031,51,17
3006,low_certainty,negative,negative,3,relevance,main,,NA,NA,,NA,,262750,1644246064746,1644245801996,,relevant,,NA,NA,,,,2120,52,18
3006,NA,NA,NA,2,prior,reasoning,,7,5,,4,,262750,1644246064746,1644245801996,,relevant,,0.45,0.25,,,,2882,52,19
3006,NA,NA,NA,2,posterior,reasoning,,7,5,,4,,262750,1644246064746,1644245801996,,relevant,,0.75,0.55,,,,4286,53,20
3006,high_certainty,positive,positive,2,prior,main,,NA,NA,,4,,262750,1644246064746,1644245801996,,relevant,,NA,NA,,,,2808,51,21
3006,high_certainty,positive,positive,2,posterior,main,,NA,NA,,4,,262750,1644246064746,1644245801996,,relevant,,NA,NA,,,,2903,53,22
3006,high_certainty,positive,positive,2,relevance,main,,NA,NA,,NA,,262750,1644246064746,1644245801996,,relevant,,NA,NA,,,,1591,53,23
3006,non_answer,N/A,positive,8,prior,main,,NA,NA,,4,,262750,1644246064746,1644245801996,,relevant,,NA,NA,,,,3630,52,24
3006,non_answer,N/A,positive,8,posterior,main,,NA,NA,,4,,262750,1644246064746,1644245801996,,relevant,,NA,NA,,,,3793,51,25
3006,non_answer,N/A,positive,8,relevance,main,,NA,NA,,NA,,262750,1644246064746,1644245801996,,relevant,,NA,NA,,,,1744,52,26
3006,exhaustive,negative,negative,11,prior,main,,NA,NA,,4,,262750,1644246064746,1644245801996,,relevant,,NA,NA,,,,2855,51,27
3006,exhaustive,negative,negative,11,posterior,main,,NA,NA,,4,,262750,1644246064746,1644245801996,,relevant,,NA,NA,,,,3048,52,28
3006,exhaustive,negative,negative,11,relevance,main,,NA,NA,,NA,,262750,1644246064746,1644245801996,,relevant,,NA,NA,,,,1752,54,29
3006,NA,NA,NA,2,prior,attention,,2,2,,4,,262750,1644246064746,1644245801996,,relevant,,0.85,0.75,,,,4711,52,30
3006,low_certainty,positive,positive,9,prior,main,,NA,NA,,4,,262750,1644246064746,1644245801996,,relevant,,NA,NA,,,,3030,53,31
3006,low_certainty,positive,positive,9,posterior,main,,NA,NA,,4,,262750,1644246064746,1644245801996,,relevant,,NA,NA,,,,3926,53,32
3006,low_certainty,positive,positive,9,relevance,main,,NA,NA,,NA,,262750,1644246064746,1644245801996,,relevant,,NA,NA,,,,1627,53,33
3005,NA,NA,NA,1,prior,practice,29,NA,NA,This is a test!,4,,151706,1644245234464,1644245082758,,relevant,,NA,NA,,,,4829,65,1
3005,NA,NA,NA,1,posterior,practice,29,NA,NA,This is a test!,5,,151706,1644245234464,1644245082758,,relevant,,NA,NA,,,,3802,58,2
3005,NA,NA,NA,1,relevance,practice,29,NA,NA,This is a test!,NA,,151706,1644245234464,1644245082758,,relevant,,NA,NA,,,,1704,61,3
3005,low_certainty,positive,neutral,12,prior,main,29,NA,NA,This is a test!,4,,151706,1644245234464,1644245082758,,relevant,,NA,NA,,,,3233,55,1
3005,low_certainty,positive,neutral,12,posterior,main,29,NA,NA,This is a test!,4,,151706,1644245234464,1644245082758,,relevant,,NA,NA,,,,4193,54,2
3005,low_certainty,positive,neutral,12,relevance,main,29,NA,NA,This is a test!,NA,,151706,1644245234464,1644245082758,,relevant,,NA,NA,,,,2050,49,3
3005,NA,NA,NA,1,prior,reasoning,29,4,1,This is a test!,4,,151706,1644245234464,1644245082758,,relevant,,0.6,0.4,,,,4096,53,4
3005,NA,NA,NA,1,posterior,reasoning,29,7,3,This is a test!,4,,151706,1644245234464,1644245082758,,relevant,,0.6,0.4,,,,3610,51,5
3005,exhaustive,negative,negative,3,prior,main,29,NA,NA,This is a test!,4,,151706,1644245234464,1644245082758,,relevant,,NA,NA,,,,3793,52,6
3005,exhaustive,negative,negative,3,posterior,main,29,NA,NA,This is a test!,4,,151706,1644245234464,1644245082758,,relevant,,NA,NA,,,,3507,52,7
3005,exhaustive,negative,negative,3,relevance,main,29,NA,NA,This is a test!,NA,,151706,1644245234464,1644245082758,,relevant,,NA,NA,,,,1641,54,8
3005,non_answer,N/A,negative,10,prior,main,29,NA,NA,This is a test!,4,,151706,1644245234464,1644245082758,,relevant,,NA,NA,,,,3860,53,9
3005,non_answer,N/A,negative,10,posterior,main,29,NA,NA,This is a test!,4,,151706,1644245234464,1644245082758,,relevant,,NA,NA,,,,4067,54,10
3005,non_answer,N/A,negative,10,relevance,main,29,NA,NA,This is a test!,NA,,151706,1644245234464,1644245082758,,relevant,,NA,NA,,,,1986,56,11
3005,NA,NA,NA,1,prior,attention,29,6,6,This is a test!,4,,151706,1644245234464,1644245082758,,relevant,,0.05,0,,,,3664,54,12
3005,high_certainty,negative,neutral,6,prior,main,29,NA,NA,This is a test!,4,,151706,1644245234464,1644245082758,,relevant,,NA,NA,,,,29535,55,13
3005,high_certainty,negative,neutral,6,posterior,main,29,NA,NA,This is a test!,4,,151706,1644245234464,1644245082758,,relevant,,NA,NA,,,,3227,54,14
3005,high_certainty,negative,neutral,6,relevance,main,29,NA,NA,This is a test!,NA,,151706,1644245234464,1644245082758,,relevant,,NA,NA,,,,1849,54,15
3005,low_certainty,positive,neutral,5,prior,main,29,NA,NA,This is a test!,4,,151706,1644245234464,1644245082758,,relevant,,NA,NA,,,,3032,53,16
3005,low_certainty,positive,neutral,5,posterior,main,29,NA,NA,This is a test!,4,,151706,1644245234464,1644245082758,,relevant,,NA,NA,,,,3203,54,17
3005,low_certainty,positive,neutral,5,relevance,main,29,NA,NA,This is a test!,NA,,151706,1644245234464,1644245082758,,relevant,,NA,NA,,,,2631,55,18
3005,NA,NA,NA,2,prior,reasoning,29,7,5,This is a test!,4,,151706,1644245234464,1644245082758,,relevant,,0.45,0.25,,,,3316,54,19
3005,NA,NA,NA,2,posterior,reasoning,29,7,5,This is a test!,4,,151706,1644245234464,1644245082758,,relevant,,0.75,0.55,,,,3311,53,20
3005,high_certainty,positive,negative,7,prior,main,29,NA,NA,This is a test!,4,,151706,1644245234464,1644245082758,,relevant,,NA,NA,,,,3654,54,21
3005,high_certainty,positive,negative,7,posterior,main,29,NA,NA,This is a test!,4,,151706,1644245234464,1644245082758,,relevant,,NA,NA,,,,3172,52,22
3005,high_certainty,positive,negative,7,relevance,main,29,NA,NA,This is a test!,NA,,151706,1644245234464,1644245082758,,relevant,,NA,NA,,,,2302,54,23
3005,exhaustive,positive,positive,4,prior,main,29,NA,NA,This is a test!,4,,151706,1644245234464,1644245082758,,relevant,,NA,NA,,,,3648,55,24
3005,exhaustive,positive,positive,4,posterior,main,29,NA,NA,This is a test!,5,,151706,1644245234464,1644245082758,,relevant,,NA,NA,,,,3481,53,25
3005,exhaustive,positive,positive,4,relevance,main,29,NA,NA,This is a test!,NA,,151706,1644245234464,1644245082758,,relevant,,NA,NA,,,,1708,56,26
3005,high_certainty,negative,neutral,9,prior,main,29,NA,NA,This is a test!,4,,151706,1644245234464,1644245082758,,relevant,,NA,NA,,,,3291,52,27
3005,high_certainty,negative,neutral,9,posterior,main,29,NA,NA,This is a test!,4,,151706,1644245234464,1644245082758,,relevant,,NA,NA,,,,2993,52,28
3005,high_certainty,negative,neutral,9,relevance,main,29,NA,NA,This is a test!,NA,,151706,1644245234464,1644245082758,,relevant,,NA,NA,,,,1711,54,29
3005,NA,NA,NA,2,prior,attention,29,2,2,This is a test!,4,,151706,1644245234464,1644245082758,,relevant,,0.85,0.75,,,,2857,53,30
3005,exhaustive,positive,negative,8,prior,main,29,NA,NA,This is a test!,4,,151706,1644245234464,1644245082758,,relevant,,NA,NA,,,,3064,54,31
3005,exhaustive,positive,negative,8,posterior,main,29,NA,NA,This is a test!,4,,151706,1644245234464,1644245082758,,relevant,,NA,NA,,,,3419,52,32
3005,exhaustive,positive,negative,8,relevance,main,29,NA,NA,This is a test!,NA,,151706,1644245234464,1644245082758,,relevant,,NA,NA,,,,1965,53,33
3004,NA,NA,NA,1,prior,practice,22,NA,NA,Fun study!,3,Graduated College,1689442,1644051332583,1644049643141,female,relevant,russian,NA,NA,,,,476514,91,1
3004,NA,NA,NA,1,posterior,practice,22,NA,NA,Fun study!,6,Graduated College,1689442,1644051332583,1644049643141,female,relevant,russian,NA,NA,,,,138385,0,2
3004,NA,NA,NA,1,relevance,practice,22,NA,NA,Fun study!,NA,Graduated College,1689442,1644051332583,1644049643141,female,relevant,russian,NA,NA,,,,21803,90,3
3004,low_certainty,negative,negative,4,prior,main,22,NA,NA,Fun study!,4,Graduated College,1689442,1644051332583,1644049643141,female,relevant,russian,NA,NA,,,,60010,45,1
3004,low_certainty,negative,negative,4,posterior,main,22,NA,NA,Fun study!,3,Graduated College,1689442,1644051332583,1644049643141,female,relevant,russian,NA,NA,,,,15930,40,2
3004,low_certainty,negative,negative,4,relevance,main,22,NA,NA,Fun study!,NA,Graduated College,1689442,1644051332583,1644049643141,female,relevant,russian,NA,NA,,,,9702,30,3
3004,NA,NA,NA,1,prior,reasoning,22,4,1,Fun study!,5,Graduated College,1689442,1644051332583,1644049643141,female,relevant,russian,0.6,0.4,,,,47502,50,4
3004,NA,NA,NA,1,posterior,reasoning,22,7,3,Fun study!,6,Graduated College,1689442,1644051332583,1644049643141,female,relevant,russian,0.6,0.4,,,,50291,51,5
3004,low_certainty,positive,neutral,3,prior,main,22,NA,NA,Fun study!,2,Graduated College,1689442,1644051332583,1644049643141,female,relevant,russian,NA,NA,,,,33000,60,6
3004,low_certainty,positive,neutral,3,posterior,main,22,NA,NA,Fun study!,3,Graduated College,1689442,1644051332583,1644049643141,female,relevant,russian,NA,NA,,,,16826,66,7
3004,low_certainty,positive,neutral,3,relevance,main,22,NA,NA,Fun study!,NA,Graduated College,1689442,1644051332583,1644049643141,female,relevant,russian,NA,NA,,,,4989,22,8
3004,non_answer,N/A,positive,2,prior,main,22,NA,NA,Fun study!,5,Graduated College,1689442,1644051332583,1644049643141,female,relevant,russian,NA,NA,,,,28258,79,9
3004,non_answer,N/A,positive,2,posterior,main,22,NA,NA,Fun study!,5,Graduated College,1689442,1644051332583,1644049643141,female,relevant,russian,NA,NA,,,,16300,83,10
3004,non_answer,N/A,positive,2,relevance,main,22,NA,NA,Fun study!,NA,Graduated College,1689442,1644051332583,1644049643141,female,relevant,russian,NA,NA,,,,4308,1,11
3004,NA,NA,NA,1,prior,attention,22,6,6,Fun study!,6,Graduated College,1689442,1644051332583,1644049643141,female,relevant,russian,0.05,0,,,,114043,100,12
3004,high_certainty,negative,neutral,7,prior,main,22,NA,NA,Fun study!,3,Graduated College,1689442,1644051332583,1644049643141,female,relevant,russian,NA,NA,,,,40784,66,13
3004,high_certainty,negative,neutral,7,posterior,main,22,NA,NA,Fun study!,4,Graduated College,1689442,1644051332583,1644049643141,female,relevant,russian,NA,NA,,,,13140,11,14
3004,high_certainty,negative,neutral,7,relevance,main,22,NA,NA,Fun study!,NA,Graduated College,1689442,1644051332583,1644049643141,female,relevant,russian,NA,NA,,,,7145,85,15
3004,high_certainty,positive,neutral,12,prior,main,22,NA,NA,Fun study!,5,Graduated College,1689442,1644051332583,1644049643141,female,relevant,russian,NA,NA,,,,26998,3,16
3004,high_certainty,positive,neutral,12,posterior,main,22,NA,NA,Fun study!,5,Graduated College,1689442,1644051332583,1644049643141,female,relevant,russian,NA,NA,,,,13459,7,17
3004,high_certainty,positive,neutral,12,relevance,main,22,NA,NA,Fun study!,NA,Graduated College,1689442,1644051332583,1644049643141,female,relevant,russian,NA,NA,,,,6897,77,18
3004,NA,NA,NA,2,prior,reasoning,22,7,5,Fun study!,4,Graduated College,1689442,1644051332583,1644049643141,female,relevant,russian,0.45,0.25,,,,67011,23,19
3004,NA,NA,NA,2,posterior,reasoning,22,7,5,Fun study!,4,Graduated College,1689442,1644051332583,1644049643141,female,relevant,russian,0.75,0.55,,,,34454,48,20
3004,exhaustive,positive,neutral,6,prior,main,22,NA,NA,Fun study!,2,Graduated College,1689442,1644051332583,1644049643141,female,relevant,russian,NA,NA,,,,23137,13,21
3004,exhaustive,positive,neutral,6,posterior,main,22,NA,NA,Fun study!,6,Graduated College,1689442,1644051332583,1644049643141,female,relevant,russian,NA,NA,,,,10117,94,22
3004,exhaustive,positive,neutral,6,relevance,main,22,NA,NA,Fun study!,NA,Graduated College,1689442,1644051332583,1644049643141,female,relevant,russian,NA,NA,,,,3588,99,23
3004,exhaustive,positive,positive,1,prior,main,22,NA,NA,Fun study!,3,Graduated College,1689442,1644051332583,1644049643141,female,relevant,russian,NA,NA,,,,25631,66,24
3004,exhaustive,positive,positive,1,posterior,main,22,NA,NA,Fun study!,5,Graduated College,1689442,1644051332583,1644049643141,female,relevant,russian,NA,NA,,,,11779,100,25
3004,exhaustive,positive,positive,1,relevance,main,22,NA,NA,Fun study!,NA,Graduated College,1689442,1644051332583,1644049643141,female,relevant,russian,NA,NA,,,,4720,100,26
3004,low_certainty,positive,negative,9,prior,main,22,NA,NA,Fun study!,3,Graduated College,1689442,1644051332583,1644049643141,female,relevant,russian,NA,NA,,,,32326,11,27
3004,low_certainty,positive,negative,9,posterior,main,22,NA,NA,Fun study!,3,Graduated College,1689442,1644051332583,1644049643141,female,relevant,russian,NA,NA,,,,26306,49,28
3004,low_certainty,positive,negative,9,relevance,main,22,NA,NA,Fun study!,NA,Graduated College,1689442,1644051332583,1644049643141,female,relevant,russian,NA,NA,,,,5599,62,29
3004,NA,NA,NA,2,prior,attention,22,2,2,Fun study!,2,Graduated College,1689442,1644051332583,1644049643141,female,relevant,russian,0.85,0.75,,,,25289,82,30
3004,exhaustive,negative,neutral,5,prior,main,22,NA,NA,Fun study!,4,Graduated College,1689442,1644051332583,1644049643141,female,relevant,russian,NA,NA,,,,24948,35,31
3004,exhaustive,negative,neutral,5,posterior,main,22,NA,NA,Fun study!,5,Graduated College,1689442,1644051332583,1644049643141,female,relevant,russian,NA,NA,,,,10750,94,32
3004,exhaustive,negative,neutral,5,relevance,main,22,NA,NA,Fun study!,NA,Graduated College,1689442,1644051332583,1644049643141,female,relevant,russian,NA,NA,,,,4174,100,33
