,submission_id,group,StimID,AnswerCertainty,AnswerPolarity,ContextType,attention_score,reasoning_score,sliderResponse
0,816,relevant,5,exhaustive,positive,neutral,1.0,1.0,1.0
1,816,relevant,8,high_certainty,negative,positive,1.0,1.0,0.55
2,816,relevant,6,high_certainty,positive,negative,1.0,1.0,0.44
3,816,relevant,10,low_certainty,negative,positive,1.0,1.0,0.05
4,816,relevant,9,exhaustive,negative,negative,1.0,1.0,1.0
5,816,relevant,7,exhaustive,positive,positive,1.0,1.0,0.96
6,816,relevant,12,low_certainty,negative,neutral,1.0,1.0,0.16
7,816,relevant,2,low_certainty,positive,neutral,1.0,1.0,0.56
8,816,relevant,3,non_answer,,negative,1.0,1.0,0.0
9,816,relevant,4,low_certainty,positive,positive,1.0,1.0,0.01
10,818,relevant,10,high_certainty,negative,negative,1.0,1.0,0.4
11,818,relevant,8,low_certainty,negative,positive,1.0,1.0,0.6
12,818,relevant,1,non_answer,,neutral,1.0,1.0,0.1
13,818,relevant,11,high_certainty,positive,negative,1.0,1.0,0.8
14,818,relevant,9,low_certainty,positive,positive,1.0,1.0,0.4
15,818,relevant,5,low_certainty,negative,negative,1.0,1.0,0.6
16,818,relevant,6,exhaustive,negative,positive,1.0,1.0,0.95
17,818,relevant,4,non_answer,,neutral,1.0,1.0,0.0
18,818,relevant,12,high_certainty,positive,neutral,1.0,1.0,0.1
19,818,relevant,3,exhaustive,positive,positive,1.0,1.0,1.0
20,821,relevant,1,high_certainty,positive,neutral,0.5,1.0,0.7
21,821,relevant,6,exhaustive,positive,neutral,0.5,1.0,1.0
22,821,relevant,4,high_certainty,positive,positive,0.5,1.0,0.79
23,821,relevant,7,high_certainty,negative,negative,0.5,1.0,0.61
24,821,relevant,9,exhaustive,negative,positive,0.5,1.0,1.0
25,821,relevant,11,non_answer,,neutral,0.5,1.0,0.0
26,821,relevant,8,non_answer,,positive,0.5,1.0,0.0
27,821,relevant,10,low_certainty,negative,negative,0.5,1.0,0.24
28,821,relevant,5,high_certainty,negative,negative,0.5,1.0,0.7
29,821,relevant,12,low_certainty,positive,negative,0.5,1.0,0.0
30,817,relevant,3,low_certainty,negative,positive,1.0,1.0,0.27
31,817,relevant,10,high_certainty,positive,neutral,1.0,1.0,0.07
32,817,relevant,11,high_certainty,positive,negative,1.0,1.0,0.84
33,817,relevant,6,low_certainty,negative,negative,1.0,1.0,0.41
34,817,relevant,8,exhaustive,positive,positive,1.0,1.0,0.88
35,817,relevant,1,non_answer,,positive,1.0,1.0,0.02
36,817,relevant,5,exhaustive,negative,neutral,1.0,1.0,0.96
37,817,relevant,7,non_answer,,neutral,1.0,1.0,0.01
38,817,relevant,4,low_certainty,positive,negative,1.0,1.0,0.06
39,817,relevant,9,high_certainty,negative,positive,1.0,1.0,0.21
40,819,relevant,7,non_answer,,positive,1.0,1.0,0.0
41,819,relevant,5,low_certainty,negative,positive,1.0,1.0,0.65
42,819,relevant,8,low_certainty,positive,negative,1.0,1.0,0.57
43,819,relevant,1,high_certainty,positive,neutral,1.0,1.0,0.4
44,819,relevant,2,exhaustive,negative,neutral,1.0,1.0,1.0
45,819,relevant,11,exhaustive,positive,negative,1.0,1.0,1.0
46,819,relevant,3,high_certainty,positive,positive,1.0,1.0,0.6
47,819,relevant,12,non_answer,,negative,1.0,1.0,0.01
48,819,relevant,4,high_certainty,negative,neutral,1.0,1.0,0.1
49,819,relevant,9,exhaustive,positive,negative,1.0,1.0,1.0
50,829,relevant,9,high_certainty,positive,positive,1.0,0.5,1.0
51,829,relevant,2,low_certainty,negative,positive,1.0,0.5,0.0
52,829,relevant,7,non_answer,,neutral,1.0,0.5,0.0
53,829,relevant,4,low_certainty,negative,negative,1.0,0.5,0.15
54,829,relevant,12,exhaustive,negative,neutral,1.0,0.5,1.0
55,829,relevant,5,high_certainty,negative,neutral,1.0,0.5,0.77
56,829,relevant,8,exhaustive,negative,negative,1.0,0.5,1.0
57,829,relevant,1,low_certainty,positive,positive,1.0,0.5,0.64
58,829,relevant,10,exhaustive,positive,negative,1.0,0.5,0.75
59,829,relevant,11,high_certainty,negative,negative,1.0,0.5,0.66
60,820,relevant,2,high_certainty,negative,neutral,1.0,0.5,0.54
61,820,relevant,1,high_certainty,negative,negative,1.0,0.5,0.37
62,820,relevant,3,low_certainty,positive,neutral,1.0,0.5,0.0
63,820,relevant,11,low_certainty,negative,positive,1.0,0.5,0.38
64,820,relevant,10,exhaustive,positive,negative,1.0,0.5,0.92
65,820,relevant,5,exhaustive,negative,negative,1.0,0.5,1.0
66,820,relevant,7,low_certainty,negative,positive,1.0,0.5,0.19
67,820,relevant,4,exhaustive,positive,positive,1.0,0.5,0.74
68,820,relevant,12,high_certainty,positive,neutral,1.0,0.5,0.0
69,820,relevant,9,non_answer,,positive,1.0,0.5,0.0
70,825,relevant,7,low_certainty,negative,negative,1.0,1.0,0.72
71,825,relevant,6,high_certainty,negative,positive,1.0,1.0,0.75
72,825,relevant,4,low_certainty,positive,neutral,1.0,1.0,0.21
73,825,relevant,9,exhaustive,positive,neutral,1.0,1.0,1.0
74,825,relevant,2,high_certainty,positive,neutral,1.0,1.0,0.72
75,825,relevant,10,non_answer,,positive,1.0,1.0,0.0
76,825,relevant,12,non_answer,,negative,1.0,1.0,0.0
77,825,relevant,3,exhaustive,negative,negative,1.0,1.0,1.0
78,825,relevant,8,exhaustive,positive,positive,1.0,1.0,1.0
79,825,relevant,5,low_certainty,positive,neutral,1.0,1.0,0.53
80,822,relevant,5,non_answer,,positive,1.0,0.5,0.1
81,822,relevant,8,exhaustive,positive,neutral,1.0,0.5,1.0
82,822,relevant,9,exhaustive,positive,negative,1.0,0.5,0.98
83,822,relevant,7,exhaustive,negative,neutral,1.0,0.5,0.95
84,822,relevant,12,high_certainty,negative,negative,1.0,0.5,0.65
85,822,relevant,3,low_certainty,positive,positive,1.0,0.5,0.05
86,822,relevant,1,non_answer,,positive,1.0,0.5,0.1
87,822,relevant,11,high_certainty,positive,negative,1.0,0.5,0.9
88,822,relevant,6,low_certainty,negative,neutral,1.0,0.5,0.7
89,822,relevant,2,high_certainty,negative,neutral,1.0,0.5,0.99
90,823,relevant,9,low_certainty,negative,neutral,1.0,1.0,0.62
91,823,relevant,12,low_certainty,positive,positive,1.0,1.0,0.2
92,823,relevant,4,exhaustive,negative,negative,1.0,1.0,1.0
93,823,relevant,3,non_answer,,neutral,1.0,1.0,0.0
94,823,relevant,11,high_certainty,negative,negative,1.0,1.0,0.89
95,823,relevant,6,exhaustive,positive,positive,1.0,1.0,1.0
96,823,relevant,1,exhaustive,negative,negative,1.0,1.0,1.0
97,823,relevant,5,high_certainty,positive,neutral,1.0,1.0,0.95
98,823,relevant,8,low_certainty,negative,positive,1.0,1.0,0.07
99,823,relevant,10,low_certainty,positive,neutral,1.0,1.0,0.62
100,824,relevant,3,high_certainty,negative,neutral,1.0,1.0,1.0
101,824,relevant,6,low_certainty,positive,neutral,1.0,1.0,0.0
102,824,relevant,9,low_certainty,positive,negative,1.0,1.0,0.13
103,824,relevant,8,high_certainty,positive,negative,1.0,1.0,1.0
104,824,relevant,11,exhaustive,positive,positive,1.0,1.0,1.0
105,824,relevant,2,non_answer,,positive,1.0,1.0,0.0
106,824,relevant,4,exhaustive,negative,positive,1.0,1.0,1.0
107,824,relevant,10,low_certainty,negative,neutral,1.0,1.0,0.38
108,824,relevant,1,exhaustive,negative,negative,1.0,1.0,1.0
109,824,relevant,7,low_certainty,negative,positive,1.0,1.0,0.24
110,826,relevant,9,low_certainty,positive,neutral,1.0,0.5,0.68
111,826,relevant,6,high_certainty,negative,neutral,1.0,0.5,0.8
112,826,relevant,4,high_certainty,positive,negative,1.0,0.5,0.69
113,826,relevant,10,low_certainty,negative,positive,1.0,0.5,0.6
114,826,relevant,12,low_certainty,positive,positive,1.0,0.5,0.4
115,826,relevant,11,exhaustive,positive,neutral,1.0,0.5,1.0
116,826,relevant,7,non_answer,,negative,1.0,0.5,0.0
117,826,relevant,5,exhaustive,positive,positive,1.0,0.5,1.0
118,826,relevant,8,exhaustive,negative,negative,1.0,0.5,1.0
119,826,relevant,1,exhaustive,negative,neutral,1.0,0.5,1.0
120,827,relevant,12,high_certainty,positive,neutral,1.0,1.0,0.55
121,827,relevant,9,high_certainty,positive,positive,1.0,1.0,1.0
122,827,relevant,3,low_certainty,positive,positive,1.0,1.0,0.0
123,827,relevant,2,exhaustive,negative,neutral,1.0,1.0,1.0
124,827,relevant,8,low_certainty,negative,neutral,1.0,1.0,0.21
125,827,relevant,7,high_certainty,negative,negative,1.0,1.0,0.61
126,827,relevant,1,non_answer,,negative,1.0,1.0,0.0
127,827,relevant,11,exhaustive,positive,negative,1.0,1.0,1.0
128,827,relevant,10,low_certainty,negative,positive,1.0,1.0,0.0
129,827,relevant,6,non_answer,,positive,1.0,1.0,0.0
130,828,relevant,5,low_certainty,negative,neutral,1.0,1.0,0.73
131,828,relevant,10,non_answer,,neutral,1.0,1.0,0.04
132,828,relevant,7,high_certainty,negative,positive,1.0,1.0,0.67
133,828,relevant,12,high_certainty,negative,negative,1.0,1.0,0.78
134,828,relevant,1,high_certainty,positive,positive,1.0,1.0,0.72
135,828,relevant,9,low_certainty,positive,negative,1.0,1.0,0.23
136,828,relevant,6,exhaustive,negative,neutral,1.0,1.0,0.97
137,828,relevant,8,non_answer,,positive,1.0,1.0,0.07
138,828,relevant,3,exhaustive,negative,negative,1.0,1.0,0.91
139,828,relevant,11,exhaustive,positive,neutral,1.0,1.0,0.96
140,790,relevant,8,low_certainty,negative,negative,0.0,0.0,0.36
141,790,relevant,6,non_answer,,positive,0.0,0.0,0.9
142,790,relevant,10,non_answer,,neutral,0.0,0.0,0.23
143,790,relevant,11,exhaustive,negative,negative,0.0,0.0,0.84
144,790,relevant,2,high_certainty,negative,positive,0.0,0.0,0.83
145,790,relevant,5,high_certainty,negative,neutral,0.0,0.0,0.23
146,790,relevant,3,exhaustive,positive,neutral,0.0,0.0,0.8
147,790,relevant,9,low_certainty,positive,negative,0.0,0.0,0.26
148,790,relevant,1,high_certainty,positive,positive,0.0,0.0,0.81
149,790,relevant,7,high_certainty,positive,negative,0.0,0.0,0.75
150,830,relevant,5,exhaustive,negative,positive,1.0,0.0,1.0
151,830,relevant,10,exhaustive,positive,negative,1.0,0.0,0.97
152,830,relevant,6,non_answer,,neutral,1.0,0.0,0.04
153,830,relevant,8,non_answer,,positive,1.0,0.0,0.0
154,830,relevant,4,exhaustive,negative,negative,1.0,0.0,0.8
155,830,relevant,2,high_certainty,positive,neutral,1.0,0.0,0.73
156,830,relevant,1,exhaustive,positive,negative,1.0,0.0,0.83
157,830,relevant,3,low_certainty,positive,neutral,1.0,0.0,0.1
158,830,relevant,11,high_certainty,negative,positive,1.0,0.0,0.54
159,830,relevant,7,low_certainty,negative,neutral,1.0,0.0,0.54
160,791,relevant,5,exhaustive,negative,neutral,0.0,0.5,1.0
161,791,relevant,9,high_certainty,negative,positive,0.0,0.5,0.2
162,791,relevant,7,low_certainty,negative,negative,0.0,0.5,0.7
163,791,relevant,3,low_certainty,positive,positive,0.0,0.5,0.1
164,791,relevant,10,non_answer,,positive,0.0,0.5,0.0
165,791,relevant,6,exhaustive,positive,negative,0.0,0.5,1.0
166,791,relevant,12,high_certainty,positive,negative,0.0,0.5,0.35
167,791,relevant,8,exhaustive,positive,neutral,0.0,0.5,1.0
168,791,relevant,1,high_certainty,positive,neutral,0.0,0.5,0.9
169,791,relevant,4,exhaustive,negative,positive,0.0,0.5,0.95
170,798,relevant,11,non_answer,,positive,0.0,0.5,0.0
171,798,relevant,3,exhaustive,negative,neutral,0.0,0.5,1.0
172,798,relevant,9,high_certainty,positive,neutral,0.0,0.5,1.0
173,798,relevant,5,exhaustive,positive,positive,0.0,0.5,1.0
174,798,relevant,10,exhaustive,negative,negative,0.0,0.5,1.0
175,798,relevant,2,low_certainty,positive,positive,0.0,0.5,0.6
176,798,relevant,12,low_certainty,negative,neutral,0.0,0.5,0.5
177,798,relevant,6,low_certainty,negative,negative,0.0,0.5,0.4
178,798,relevant,1,low_certainty,positive,negative,0.0,0.5,0.3
179,798,relevant,4,high_certainty,negative,negative,0.0,0.5,0.65
180,799,relevant,2,low_certainty,negative,positive,1.0,1.0,0.89
181,799,relevant,4,exhaustive,negative,negative,1.0,1.0,1.0
182,799,relevant,3,low_certainty,positive,neutral,1.0,1.0,0.03
183,799,relevant,9,non_answer,,neutral,1.0,1.0,0.08
184,799,relevant,5,exhaustive,negative,positive,1.0,1.0,1.0
185,799,relevant,10,high_certainty,negative,neutral,1.0,1.0,0.07
186,799,relevant,6,low_certainty,positive,negative,1.0,1.0,0.08
187,799,relevant,11,exhaustive,positive,positive,1.0,1.0,1.0
188,799,relevant,8,low_certainty,negative,negative,1.0,1.0,0.91
189,799,relevant,7,high_certainty,positive,negative,1.0,1.0,0.89
190,792,relevant,9,low_certainty,negative,positive,1.0,1.0,0.75
191,792,relevant,12,non_answer,,neutral,1.0,1.0,0.0
192,792,relevant,3,high_certainty,positive,negative,1.0,1.0,0.8
193,792,relevant,7,low_certainty,positive,neutral,1.0,1.0,0.45
194,792,relevant,8,low_certainty,negative,negative,1.0,1.0,0.0
195,792,relevant,10,exhaustive,positive,positive,1.0,1.0,1.0
196,792,relevant,1,non_answer,,neutral,1.0,1.0,0.0
197,792,relevant,4,high_certainty,positive,negative,1.0,1.0,0.19
198,792,relevant,6,exhaustive,negative,positive,1.0,1.0,1.0
199,792,relevant,5,high_certainty,negative,positive,1.0,1.0,1.0
200,796,relevant,1,high_certainty,positive,neutral,1.0,1.0,0.86
201,796,relevant,10,exhaustive,positive,positive,1.0,1.0,0.95
202,796,relevant,8,non_answer,,positive,1.0,1.0,0.0
203,796,relevant,12,exhaustive,positive,negative,1.0,1.0,0.63
204,796,relevant,3,high_certainty,negative,neutral,1.0,1.0,0.64
205,796,relevant,6,low_certainty,positive,negative,1.0,1.0,0.18
206,796,relevant,2,high_certainty,negative,positive,1.0,1.0,0.75
207,796,relevant,4,high_certainty,positive,neutral,1.0,1.0,0.39
208,796,relevant,5,low_certainty,negative,negative,1.0,1.0,0.63
209,796,relevant,11,exhaustive,negative,negative,1.0,1.0,0.92
210,803,relevant,10,low_certainty,positive,negative,1.0,0.0,0.45
211,803,relevant,5,high_certainty,negative,negative,1.0,0.0,0.55
212,803,relevant,3,high_certainty,positive,positive,1.0,0.0,0.7
213,803,relevant,6,exhaustive,positive,neutral,1.0,0.0,1.0
214,803,relevant,4,non_answer,,neutral,1.0,0.0,0.05
215,803,relevant,2,exhaustive,negative,negative,1.0,0.0,0.9
216,803,relevant,11,low_certainty,negative,neutral,1.0,0.0,0.6
217,803,relevant,7,non_answer,,positive,1.0,0.0,0.05
218,803,relevant,1,low_certainty,positive,positive,1.0,0.0,0.15
219,803,relevant,12,high_certainty,positive,negative,1.0,0.0,0.3
220,793,relevant,9,low_certainty,negative,negative,1.0,1.0,1.0
221,793,relevant,10,low_certainty,positive,negative,1.0,1.0,0.63
222,793,relevant,4,high_certainty,negative,positive,1.0,1.0,0.05
223,793,relevant,3,high_certainty,positive,neutral,1.0,1.0,0.54
224,793,relevant,7,exhaustive,negative,positive,1.0,1.0,0.97
225,793,relevant,5,low_certainty,positive,positive,1.0,1.0,0.14
226,793,relevant,2,non_answer,,neutral,1.0,1.0,0.03
227,793,relevant,8,high_certainty,positive,neutral,1.0,1.0,0.56
228,793,relevant,1,low_certainty,negative,negative,1.0,1.0,0.0
229,793,relevant,12,exhaustive,positive,positive,1.0,1.0,1.0
230,795,relevant,11,exhaustive,negative,positive,1.0,1.0,0.9
231,795,relevant,7,high_certainty,positive,neutral,1.0,1.0,0.7
232,795,relevant,5,low_certainty,negative,positive,1.0,1.0,0.4
233,795,relevant,8,low_certainty,positive,negative,1.0,1.0,0.3
234,795,relevant,12,low_certainty,positive,neutral,1.0,1.0,0.1
235,795,relevant,4,low_certainty,negative,negative,1.0,1.0,0.3
236,795,relevant,10,high_certainty,negative,negative,1.0,1.0,0.1
237,795,relevant,1,high_certainty,negative,positive,1.0,1.0,0.35
238,795,relevant,3,non_answer,,neutral,1.0,1.0,0.0
239,795,relevant,9,exhaustive,positive,positive,1.0,1.0,0.9
240,807,relevant,2,high_certainty,negative,neutral,1.0,0.5,0.4
241,807,relevant,6,non_answer,,neutral,1.0,0.5,0.0
242,807,relevant,10,exhaustive,negative,negative,1.0,0.5,0.97
243,807,relevant,4,low_certainty,positive,negative,1.0,0.5,0.06
244,807,relevant,12,low_certainty,negative,neutral,1.0,0.5,0.31
245,807,relevant,8,exhaustive,positive,negative,1.0,0.5,0.95
246,807,relevant,9,low_certainty,negative,positive,1.0,0.5,0.66
247,807,relevant,1,low_certainty,positive,positive,1.0,0.5,0.66
248,807,relevant,7,high_certainty,positive,positive,1.0,0.5,0.59
249,807,relevant,3,high_certainty,negative,negative,1.0,0.5,0.65
250,794,relevant,8,exhaustive,negative,neutral,1.0,0.5,1.0
251,794,relevant,3,low_certainty,positive,positive,1.0,0.5,0.03
252,794,relevant,12,high_certainty,positive,positive,1.0,0.5,0.64
253,794,relevant,10,exhaustive,positive,negative,1.0,0.5,0.91
254,794,relevant,7,high_certainty,positive,positive,1.0,0.5,0.85
255,794,relevant,11,high_certainty,negative,negative,1.0,0.5,0.71
256,794,relevant,5,non_answer,,negative,1.0,0.5,0.07
257,794,relevant,4,low_certainty,negative,neutral,1.0,0.5,0.24
258,794,relevant,1,low_certainty,negative,neutral,1.0,0.5,0.24
259,794,relevant,9,exhaustive,positive,negative,1.0,0.5,1.0
260,802,relevant,9,low_certainty,positive,positive,0.5,0.5,0.25
261,802,relevant,1,exhaustive,positive,positive,0.5,0.5,1.0
262,802,relevant,7,low_certainty,negative,neutral,0.5,0.5,0.71
263,802,relevant,2,high_certainty,positive,negative,0.5,0.5,0.71
264,802,relevant,8,non_answer,,negative,0.5,0.5,0.0
265,802,relevant,4,exhaustive,negative,neutral,0.5,0.5,0.0
266,802,relevant,5,high_certainty,negative,neutral,0.5,0.5,0.26
267,802,relevant,3,high_certainty,positive,negative,0.5,0.5,0.69
268,802,relevant,12,high_certainty,negative,positive,0.5,0.5,0.62
269,802,relevant,6,exhaustive,positive,negative,0.5,0.5,1.0
270,809,relevant,12,high_certainty,negative,positive,1.0,1.0,0.9
271,809,relevant,10,low_certainty,positive,negative,1.0,1.0,0.65
272,809,relevant,2,non_answer,,negative,1.0,1.0,0.0
273,809,relevant,8,high_certainty,positive,neutral,1.0,1.0,0.5
274,809,relevant,6,low_certainty,negative,negative,1.0,1.0,0.0
275,809,relevant,5,exhaustive,negative,positive,1.0,1.0,1.0
276,809,relevant,3,exhaustive,negative,positive,1.0,1.0,1.0
277,809,relevant,11,exhaustive,positive,neutral,1.0,1.0,1.0
278,809,relevant,1,high_certainty,negative,neutral,1.0,1.0,0.5
279,809,relevant,7,low_certainty,negative,positive,1.0,1.0,0.1
280,797,relevant,5,high_certainty,positive,positive,1.0,0.5,0.6
281,797,relevant,6,high_certainty,positive,negative,1.0,0.5,0.47
282,797,relevant,1,low_certainty,positive,positive,1.0,0.5,0.07
283,797,relevant,8,exhaustive,positive,neutral,1.0,0.5,1.0
284,797,relevant,10,low_certainty,negative,negative,1.0,0.5,0.43
285,797,relevant,3,low_certainty,positive,neutral,1.0,0.5,0.0
286,797,relevant,7,exhaustive,negative,negative,1.0,0.5,1.0
287,797,relevant,2,exhaustive,positive,positive,1.0,0.5,1.0
288,797,relevant,12,high_certainty,negative,neutral,1.0,0.5,0.92
289,797,relevant,4,non_answer,,neutral,1.0,0.5,0.0
290,831,relevant,7,exhaustive,positive,positive,1.0,0.5,0.57
291,831,relevant,1,high_certainty,negative,positive,1.0,0.5,0.33
292,831,relevant,4,low_certainty,negative,neutral,1.0,0.5,0.1
293,831,relevant,3,low_certainty,positive,positive,1.0,0.5,0.05
294,831,relevant,5,low_certainty,positive,negative,1.0,0.5,0.36
295,831,relevant,8,high_certainty,positive,negative,1.0,0.5,0.52
296,831,relevant,12,exhaustive,negative,neutral,1.0,0.5,0.89
297,831,relevant,2,high_certainty,positive,neutral,1.0,0.5,0.46
298,831,relevant,9,low_certainty,negative,negative,1.0,0.5,0.46
299,831,relevant,11,non_answer,,positive,1.0,0.5,0.14
300,834,relevant,11,high_certainty,positive,neutral,0.0,1.0,0.6
301,834,relevant,1,low_certainty,positive,positive,0.0,1.0,0.4
302,834,relevant,10,low_certainty,negative,positive,0.0,1.0,0.2
303,834,relevant,4,high_certainty,negative,positive,0.0,1.0,0.0
304,834,relevant,12,non_answer,,negative,0.0,1.0,0.0
305,834,relevant,7,exhaustive,positive,negative,0.0,1.0,1.0
306,834,relevant,9,high_certainty,negative,neutral,0.0,1.0,0.35
307,834,relevant,8,high_certainty,positive,negative,0.0,1.0,0.7
308,834,relevant,5,exhaustive,negative,neutral,0.0,1.0,1.0
309,834,relevant,3,exhaustive,positive,negative,0.0,1.0,1.0
310,800,relevant,1,high_certainty,positive,positive,0.5,0.0,0.29
311,800,relevant,3,high_certainty,negative,negative,0.5,0.0,0.76
312,800,relevant,9,exhaustive,negative,positive,0.5,0.0,0.95
313,800,relevant,7,non_answer,,neutral,0.5,0.0,0.01
314,800,relevant,2,high_certainty,positive,neutral,0.5,0.0,0.62
315,800,relevant,11,low_certainty,negative,negative,0.5,0.0,0.73
316,800,relevant,6,high_certainty,negative,neutral,0.5,0.0,0.09
317,800,relevant,8,exhaustive,positive,positive,0.5,0.0,0.77
318,800,relevant,5,exhaustive,negative,negative,0.5,0.0,0.81
319,800,relevant,10,low_certainty,positive,neutral,0.5,0.0,0.74
320,812,relevant,4,high_certainty,negative,negative,1.0,0.5,0.66
321,812,relevant,12,exhaustive,negative,negative,1.0,0.5,1.0
322,812,relevant,3,low_certainty,positive,positive,1.0,0.5,0.07
323,812,relevant,1,high_certainty,positive,positive,1.0,0.5,0.85
324,812,relevant,6,low_certainty,positive,negative,1.0,0.5,0.66
325,812,relevant,2,exhaustive,negative,neutral,1.0,0.5,1.0
326,812,relevant,5,exhaustive,positive,neutral,1.0,0.5,1.0
327,812,relevant,10,low_certainty,negative,neutral,1.0,0.5,0.51
328,812,relevant,11,low_certainty,negative,positive,1.0,0.5,0.8
329,812,relevant,7,non_answer,,positive,1.0,0.5,0.0
330,832,relevant,3,low_certainty,positive,positive,1.0,0.0,0.1
331,832,relevant,4,low_certainty,negative,positive,1.0,0.0,0.3
332,832,relevant,8,non_answer,,negative,1.0,0.0,0.0
333,832,relevant,6,exhaustive,positive,negative,1.0,0.0,1.0
334,832,relevant,11,exhaustive,positive,neutral,1.0,0.0,1.0
335,832,relevant,7,exhaustive,negative,neutral,1.0,0.0,1.0
336,832,relevant,10,high_certainty,positive,neutral,1.0,0.0,0.35
337,832,relevant,1,high_certainty,negative,positive,1.0,0.0,0.36
338,832,relevant,9,high_certainty,positive,negative,1.0,0.0,1.0
339,832,relevant,5,low_certainty,positive,negative,1.0,0.0,0.85
340,801,relevant,5,high_certainty,negative,negative,0.0,0.5,0.75
341,801,relevant,8,non_answer,,neutral,0.0,0.5,0.05
342,801,relevant,10,exhaustive,negative,neutral,0.0,0.5,0.9
343,801,relevant,2,exhaustive,positive,negative,0.0,0.5,1.0
344,801,relevant,12,low_certainty,negative,neutral,0.0,0.5,0.5
345,801,relevant,1,low_certainty,positive,positive,0.0,0.5,0.7
346,801,relevant,4,high_certainty,positive,positive,0.0,0.5,0.75
347,801,relevant,9,exhaustive,positive,negative,0.0,0.5,0.95
348,801,relevant,7,low_certainty,positive,positive,0.0,0.5,0.7
349,801,relevant,6,high_certainty,negative,negative,0.0,0.5,0.8
350,833,relevant,9,exhaustive,negative,negative,1.0,1.0,0.83
351,833,relevant,3,exhaustive,positive,neutral,1.0,1.0,1.0
352,833,relevant,11,low_certainty,positive,negative,1.0,1.0,0.53
353,833,relevant,1,low_certainty,negative,negative,1.0,1.0,0.27
354,833,relevant,5,high_certainty,positive,positive,1.0,1.0,0.9
355,833,relevant,6,low_certainty,negative,neutral,1.0,1.0,0.31
356,833,relevant,10,exhaustive,positive,neutral,1.0,1.0,0.66
357,833,relevant,2,exhaustive,negative,positive,1.0,1.0,1.0
358,833,relevant,4,non_answer,,positive,1.0,1.0,0.0
359,833,relevant,7,high_certainty,negative,negative,1.0,1.0,0.0
360,836,relevant,6,high_certainty,positive,positive,1.0,0.5,0.6
361,836,relevant,11,exhaustive,positive,positive,1.0,0.5,1.0
362,836,relevant,4,low_certainty,positive,neutral,1.0,0.5,0.2
363,836,relevant,9,high_certainty,positive,negative,1.0,0.5,0.7
364,836,relevant,10,exhaustive,negative,negative,1.0,0.5,1.0
365,836,relevant,7,non_answer,,neutral,1.0,0.5,0.03
366,836,relevant,3,high_certainty,negative,positive,1.0,0.5,0.6
367,836,relevant,5,exhaustive,positive,neutral,1.0,0.5,1.0
368,836,relevant,1,exhaustive,negative,negative,1.0,0.5,0.98
369,836,relevant,12,low_certainty,negative,positive,1.0,0.5,0.55
370,837,relevant,2,low_certainty,positive,negative,1.0,1.0,0.66
371,837,relevant,6,exhaustive,negative,positive,1.0,1.0,1.0
372,837,relevant,7,high_certainty,positive,negative,1.0,1.0,0.87
373,837,relevant,4,high_certainty,negative,neutral,1.0,1.0,0.74
374,837,relevant,8,non_answer,,neutral,1.0,1.0,0.22
375,837,relevant,12,low_certainty,negative,positive,1.0,1.0,0.8
376,837,relevant,9,high_certainty,positive,neutral,1.0,1.0,0.97
377,837,relevant,5,exhaustive,negative,positive,1.0,1.0,0.98
378,837,relevant,1,exhaustive,positive,negative,1.0,1.0,1.0
379,837,relevant,3,high_certainty,negative,positive,1.0,1.0,0.8
380,838,relevant,9,low_certainty,negative,neutral,1.0,0.0,0.63
381,838,relevant,6,low_certainty,positive,negative,1.0,0.0,0.39
382,838,relevant,10,exhaustive,positive,neutral,1.0,0.0,1.0
383,838,relevant,11,high_certainty,positive,positive,1.0,0.0,0.78
384,838,relevant,8,high_certainty,positive,positive,1.0,0.0,0.8
385,838,relevant,2,exhaustive,negative,neutral,1.0,0.0,0.97
386,838,relevant,4,non_answer,,negative,1.0,0.0,0.0
387,838,relevant,5,high_certainty,negative,positive,1.0,0.0,0.38
388,838,relevant,3,low_certainty,negative,negative,1.0,0.0,0.55
389,838,relevant,7,low_certainty,positive,neutral,1.0,0.0,0.59
390,847,relevant,12,low_certainty,negative,negative,1.0,1.0,0.6
391,847,relevant,4,high_certainty,positive,negative,1.0,1.0,0.1
392,847,relevant,6,high_certainty,negative,positive,1.0,1.0,0.75
393,847,relevant,8,exhaustive,positive,neutral,1.0,1.0,1.0
394,847,relevant,9,exhaustive,negative,neutral,1.0,1.0,1.0
395,847,relevant,7,low_certainty,positive,positive,1.0,1.0,0.05
396,847,relevant,3,exhaustive,positive,neutral,1.0,1.0,1.0
397,847,relevant,1,high_certainty,positive,positive,1.0,1.0,0.7
398,847,relevant,10,high_certainty,negative,negative,1.0,1.0,0.05
399,847,relevant,5,non_answer,,negative,1.0,1.0,0.0
400,804,relevant,12,low_certainty,negative,neutral,1.0,0.5,0.7
401,804,relevant,7,low_certainty,positive,neutral,1.0,0.5,0.4
402,804,relevant,3,high_certainty,positive,positive,1.0,0.5,0.75
403,804,relevant,9,exhaustive,positive,negative,1.0,0.5,0.9
404,804,relevant,6,non_answer,,positive,1.0,0.5,0.0
405,804,relevant,11,high_certainty,negative,neutral,1.0,0.5,0.65
406,804,relevant,8,low_certainty,positive,positive,1.0,0.5,0.6
407,804,relevant,4,exhaustive,negative,negative,1.0,0.5,1.0
408,804,relevant,10,high_certainty,negative,negative,1.0,0.5,0.0
409,804,relevant,1,exhaustive,negative,negative,1.0,0.5,1.0
410,810,relevant,7,low_certainty,negative,neutral,1.0,0.5,0.65
411,810,relevant,8,low_certainty,negative,negative,1.0,0.5,0.75
412,810,relevant,11,high_certainty,positive,negative,1.0,0.5,0.9
413,810,relevant,10,low_certainty,positive,negative,1.0,0.5,0.65
414,810,relevant,3,exhaustive,negative,positive,1.0,0.5,1.0
415,810,relevant,9,high_certainty,negative,neutral,1.0,0.5,0.8
416,810,relevant,12,exhaustive,positive,positive,1.0,0.5,1.0
417,810,relevant,5,non_answer,,neutral,1.0,0.5,0.15
418,810,relevant,2,high_certainty,positive,positive,1.0,0.5,0.4
419,810,relevant,6,low_certainty,positive,negative,1.0,0.5,0.25
420,835,relevant,6,low_certainty,positive,neutral,0.0,0.0,0.72
421,835,relevant,3,exhaustive,positive,positive,0.0,0.0,0.96
422,835,relevant,11,high_certainty,positive,negative,0.0,0.0,0.37
423,835,relevant,8,low_certainty,negative,negative,0.0,0.0,0.51
424,835,relevant,4,non_answer,,positive,0.0,0.0,0.07
425,835,relevant,7,high_certainty,negative,neutral,0.0,0.0,0.28
426,835,relevant,1,low_certainty,negative,neutral,0.0,0.0,0.24
427,835,relevant,2,high_certainty,negative,negative,0.0,0.0,0.77
428,835,relevant,12,low_certainty,positive,positive,0.0,0.0,0.37
429,835,relevant,5,exhaustive,negative,neutral,0.0,0.0,0.96
430,805,relevant,5,exhaustive,negative,negative,1.0,0.5,1.0
431,805,relevant,8,non_answer,,positive,1.0,0.5,0.44
432,805,relevant,1,low_certainty,positive,neutral,1.0,0.5,0.62
433,805,relevant,10,exhaustive,positive,positive,1.0,0.5,0.97
434,805,relevant,11,high_certainty,positive,negative,1.0,0.5,0.77
435,805,relevant,9,high_certainty,positive,neutral,1.0,0.5,0.98
436,805,relevant,3,non_answer,,neutral,1.0,0.5,0.14
437,805,relevant,2,low_certainty,negative,positive,1.0,0.5,0.62
438,805,relevant,4,exhaustive,negative,negative,1.0,0.5,0.66
439,805,relevant,12,high_certainty,negative,positive,1.0,0.5,0.69
440,806,relevant,4,high_certainty,negative,neutral,1.0,0.5,0.06
441,806,relevant,8,exhaustive,negative,positive,1.0,0.5,0.08
442,806,relevant,7,exhaustive,positive,negative,1.0,0.5,1.0
443,806,relevant,6,low_certainty,negative,neutral,1.0,0.5,0.59
444,806,relevant,10,non_answer,,positive,1.0,0.5,0.04
445,806,relevant,11,low_certainty,positive,negative,1.0,0.5,0.94
446,806,relevant,1,low_certainty,negative,negative,1.0,0.5,0.13
447,806,relevant,2,exhaustive,negative,neutral,1.0,0.5,0.74
448,806,relevant,3,non_answer,,positive,1.0,0.5,0.06
449,806,relevant,12,high_certainty,positive,negative,1.0,0.5,0.08
450,808,relevant,8,high_certainty,positive,positive,1.0,1.0,0.9
451,808,relevant,10,low_certainty,positive,negative,1.0,1.0,0.43
452,808,relevant,7,exhaustive,positive,positive,1.0,1.0,0.86
453,808,relevant,11,high_certainty,positive,neutral,1.0,1.0,0.69
454,808,relevant,3,low_certainty,negative,neutral,1.0,1.0,0.09
455,808,relevant,6,high_certainty,negative,negative,1.0,1.0,0.82
456,808,relevant,2,low_certainty,positive,positive,1.0,1.0,0.62
457,808,relevant,5,non_answer,,negative,1.0,1.0,0.0
458,808,relevant,12,low_certainty,negative,neutral,1.0,1.0,0.08
459,808,relevant,4,exhaustive,negative,negative,1.0,1.0,0.99
460,811,relevant,1,low_certainty,positive,positive,1.0,0.5,0.67
461,811,relevant,3,high_certainty,negative,neutral,1.0,0.5,0.75
462,811,relevant,2,non_answer,,positive,1.0,0.5,0.01
463,811,relevant,5,exhaustive,negative,negative,1.0,0.5,0.99
464,811,relevant,4,high_certainty,negative,neutral,1.0,0.5,0.24
465,811,relevant,7,low_certainty,negative,negative,1.0,0.5,0.59
466,811,relevant,6,non_answer,,positive,1.0,0.5,0.08
467,811,relevant,11,exhaustive,positive,negative,1.0,0.5,0.99
468,811,relevant,12,high_certainty,positive,neutral,1.0,0.5,0.4
469,811,relevant,8,exhaustive,positive,negative,1.0,0.5,0.98
470,814,relevant,4,high_certainty,positive,neutral,0.0,0.5,1.0
471,814,relevant,7,non_answer,,negative,0.0,0.5,0.0
472,814,relevant,6,low_certainty,positive,negative,0.0,0.5,0.15
473,814,relevant,11,exhaustive,positive,negative,0.0,0.5,0.85
474,814,relevant,8,exhaustive,positive,positive,0.0,0.5,1.0
475,814,relevant,9,exhaustive,negative,positive,0.0,0.5,1.0
476,814,relevant,3,non_answer,,neutral,0.0,0.5,0.01
477,814,relevant,10,high_certainty,negative,neutral,0.0,0.5,0.23
478,814,relevant,2,high_certainty,negative,positive,0.0,0.5,0.89
479,814,relevant,5,low_certainty,negative,negative,0.0,0.5,0.74
480,815,relevant,4,exhaustive,negative,positive,1.0,1.0,1.0
481,815,relevant,9,high_certainty,negative,positive,1.0,1.0,0.48
482,815,relevant,5,high_certainty,positive,negative,1.0,1.0,1.0
483,815,relevant,7,exhaustive,positive,neutral,1.0,1.0,0.87
484,815,relevant,11,exhaustive,positive,neutral,1.0,1.0,1.0
485,815,relevant,12,low_certainty,positive,neutral,1.0,1.0,0.06
486,815,relevant,2,low_certainty,negative,negative,1.0,1.0,0.3
487,815,relevant,10,non_answer,,negative,1.0,1.0,0.0
488,815,relevant,3,low_certainty,positive,positive,1.0,1.0,0.01
489,815,relevant,1,high_certainty,negative,neutral,1.0,1.0,0.0
490,839,relevant,6,high_certainty,negative,neutral,1.0,1.0,0.8
491,839,relevant,10,exhaustive,negative,negative,1.0,1.0,1.0
492,839,relevant,2,low_certainty,positive,positive,1.0,1.0,0.2
493,839,relevant,9,low_certainty,negative,neutral,1.0,1.0,0.3
494,839,relevant,12,non_answer,,negative,1.0,1.0,0.0
495,839,relevant,5,exhaustive,positive,negative,1.0,1.0,1.0
496,839,relevant,7,high_certainty,positive,positive,1.0,1.0,0.64
497,839,relevant,1,low_certainty,negative,positive,1.0,1.0,0.51
498,839,relevant,4,high_certainty,negative,neutral,1.0,1.0,0.0
499,839,relevant,8,non_answer,,negative,1.0,1.0,0.0
500,840,relevant,4,non_answer,,neutral,1.0,0.5,0.06
501,840,relevant,8,exhaustive,negative,positive,1.0,0.5,0.96
502,840,relevant,2,non_answer,,negative,1.0,0.5,0.45
503,840,relevant,11,exhaustive,negative,neutral,1.0,0.5,0.79
504,840,relevant,3,high_certainty,negative,neutral,1.0,0.5,0.89
505,840,relevant,6,exhaustive,positive,positive,1.0,0.5,0.96
506,840,relevant,5,low_certainty,positive,negative,1.0,0.5,0.79
507,840,relevant,10,low_certainty,negative,positive,1.0,0.5,0.69
508,840,relevant,7,high_certainty,positive,negative,1.0,0.5,0.9
509,840,relevant,9,low_certainty,positive,negative,1.0,0.5,0.75
510,841,relevant,1,low_certainty,negative,positive,1.0,0.0,0.33
511,841,relevant,9,high_certainty,positive,positive,1.0,0.0,1.0
512,841,relevant,10,non_answer,,negative,1.0,0.0,0.15
513,841,relevant,7,exhaustive,negative,neutral,1.0,0.0,0.68
514,841,relevant,6,exhaustive,positive,positive,1.0,0.0,0.99
515,841,relevant,5,high_certainty,negative,neutral,1.0,0.0,0.67
516,841,relevant,4,high_certainty,negative,negative,1.0,0.0,0.13
517,841,relevant,11,non_answer,,neutral,1.0,0.0,0.23
518,841,relevant,3,low_certainty,positive,negative,1.0,0.0,0.1
519,841,relevant,12,exhaustive,negative,neutral,1.0,0.0,1.0
520,842,relevant,11,non_answer,,neutral,1.0,1.0,0.23
521,842,relevant,1,exhaustive,positive,negative,1.0,1.0,0.21
522,842,relevant,7,high_certainty,negative,negative,1.0,1.0,0.71
523,842,relevant,8,exhaustive,negative,neutral,1.0,1.0,1.0
524,842,relevant,12,low_certainty,negative,positive,1.0,1.0,0.64
525,842,relevant,2,low_certainty,positive,negative,1.0,1.0,0.37
526,842,relevant,4,high_certainty,positive,neutral,1.0,1.0,0.94
527,842,relevant,6,low_certainty,positive,positive,1.0,1.0,0.13
528,842,relevant,9,low_certainty,negative,positive,1.0,1.0,0.41
529,842,relevant,5,high_certainty,negative,neutral,1.0,1.0,0.01
530,843,relevant,8,low_certainty,negative,positive,1.0,0.5,0.06
531,843,relevant,11,high_certainty,positive,positive,1.0,0.5,0.49
532,843,relevant,9,non_answer,,negative,1.0,0.5,0.0
533,843,relevant,1,low_certainty,negative,neutral,1.0,0.5,0.13
534,843,relevant,7,exhaustive,negative,neutral,1.0,0.5,0.98
535,843,relevant,10,non_answer,,negative,1.0,0.5,0.0
536,843,relevant,2,high_certainty,negative,positive,1.0,0.5,0.15
537,843,relevant,12,exhaustive,positive,neutral,1.0,0.5,1.0
538,843,relevant,5,exhaustive,negative,negative,1.0,0.5,1.0
539,843,relevant,6,low_certainty,positive,positive,1.0,0.5,0.37
540,844,relevant,1,high_certainty,positive,negative,1.0,1.0,0.89
541,844,relevant,6,exhaustive,negative,negative,1.0,1.0,0.97
542,844,relevant,5,low_certainty,negative,positive,1.0,1.0,0.55
543,844,relevant,4,non_answer,,positive,1.0,1.0,0.0
544,844,relevant,11,non_answer,,neutral,1.0,1.0,0.61
545,844,relevant,10,high_certainty,negative,neutral,1.0,1.0,0.31
546,844,relevant,7,low_certainty,positive,neutral,1.0,1.0,0.82
547,844,relevant,2,exhaustive,negative,negative,1.0,1.0,1.0
548,844,relevant,8,exhaustive,positive,positive,1.0,1.0,1.0
549,844,relevant,12,low_certainty,negative,positive,1.0,1.0,0.54
550,845,relevant,1,exhaustive,negative,positive,1.0,0.0,1.0
551,845,relevant,10,low_certainty,positive,positive,1.0,0.0,0.64
552,845,relevant,6,non_answer,,positive,1.0,0.0,0.28
553,845,relevant,3,low_certainty,negative,neutral,1.0,0.0,0.55
554,845,relevant,11,high_certainty,positive,negative,1.0,0.0,0.66
555,845,relevant,2,exhaustive,negative,neutral,1.0,0.0,1.0
556,845,relevant,7,exhaustive,positive,neutral,1.0,0.0,0.81
557,845,relevant,12,high_certainty,positive,negative,1.0,0.0,0.35
558,845,relevant,9,low_certainty,negative,negative,1.0,0.0,0.73
559,845,relevant,8,high_certainty,negative,negative,1.0,0.0,0.51
560,846,relevant,3,high_certainty,negative,neutral,1.0,1.0,0.6
561,846,relevant,4,low_certainty,negative,neutral,1.0,1.0,0.03
562,846,relevant,7,exhaustive,negative,neutral,1.0,1.0,0.3
563,846,relevant,12,low_certainty,negative,negative,1.0,1.0,0.25
564,846,relevant,2,exhaustive,positive,negative,1.0,1.0,0.9
565,846,relevant,11,exhaustive,positive,negative,1.0,1.0,1.0
566,846,relevant,5,non_answer,,positive,1.0,1.0,0.03
567,846,relevant,8,high_certainty,negative,positive,1.0,1.0,0.14
568,846,relevant,1,low_certainty,positive,positive,1.0,1.0,0.16
569,846,relevant,6,high_certainty,positive,positive,1.0,1.0,0.18
570,851,relevant,11,low_certainty,negative,negative,0.0,0.5,0.84
571,851,relevant,10,exhaustive,negative,neutral,0.0,0.5,0.87
572,851,relevant,1,high_certainty,negative,negative,0.0,0.5,0.4
573,851,relevant,3,non_answer,,positive,0.0,0.5,0.1
574,851,relevant,12,exhaustive,negative,positive,0.0,0.5,1.0
575,851,relevant,7,exhaustive,positive,negative,0.0,0.5,0.61
576,851,relevant,9,high_certainty,positive,neutral,0.0,0.5,0.89
577,851,relevant,2,low_certainty,negative,positive,0.0,0.5,0.19
578,851,relevant,6,low_certainty,positive,neutral,0.0,0.5,0.33
579,851,relevant,4,high_certainty,positive,negative,0.0,0.5,0.67
580,852,relevant,3,low_certainty,positive,neutral,0.5,0.5,0.01
581,852,relevant,11,high_certainty,positive,negative,0.5,0.5,0.47
582,852,relevant,4,exhaustive,negative,neutral,0.5,0.5,0.97
583,852,relevant,1,high_certainty,negative,negative,0.5,0.5,0.06
584,852,relevant,7,non_answer,,positive,0.5,0.5,0.01
585,852,relevant,12,exhaustive,positive,neutral,0.5,0.5,0.77
586,852,relevant,8,exhaustive,negative,positive,0.5,0.5,0.96
587,852,relevant,9,low_certainty,negative,positive,0.5,0.5,0.11
588,852,relevant,2,high_certainty,positive,negative,0.5,0.5,0.08
589,852,relevant,10,low_certainty,negative,negative,0.5,0.5,0.05
590,856,relevant,6,high_certainty,negative,neutral,1.0,1.0,0.62
591,856,relevant,3,low_certainty,negative,negative,1.0,1.0,0.36
592,856,relevant,10,exhaustive,negative,neutral,1.0,1.0,1.0
593,856,relevant,11,exhaustive,positive,positive,1.0,1.0,1.0
594,856,relevant,7,high_certainty,negative,positive,1.0,1.0,0.24
595,856,relevant,5,low_certainty,positive,negative,1.0,1.0,0.59
596,856,relevant,1,high_certainty,positive,negative,1.0,1.0,0.74
597,856,relevant,9,high_certainty,positive,positive,1.0,1.0,0.94
598,856,relevant,12,non_answer,,neutral,1.0,1.0,0.0
599,856,relevant,2,exhaustive,positive,neutral,1.0,1.0,1.0
600,848,relevant,3,high_certainty,positive,negative,1.0,1.0,0.3
601,848,relevant,10,exhaustive,positive,neutral,1.0,1.0,1.0
602,848,relevant,1,low_certainty,negative,neutral,1.0,1.0,0.39
603,848,relevant,5,exhaustive,negative,positive,1.0,1.0,1.0
604,848,relevant,8,non_answer,,positive,1.0,1.0,0.0
605,848,relevant,9,non_answer,,positive,1.0,1.0,0.0
606,848,relevant,12,low_certainty,positive,negative,1.0,1.0,0.0
607,848,relevant,4,low_certainty,negative,neutral,1.0,1.0,0.0
608,848,relevant,2,high_certainty,positive,negative,1.0,1.0,0.2
609,848,relevant,11,high_certainty,negative,positive,1.0,1.0,0.3
610,849,relevant,2,low_certainty,positive,negative,1.0,1.0,0.83
611,849,relevant,9,high_certainty,positive,negative,1.0,1.0,0.98
612,849,relevant,5,high_certainty,negative,positive,1.0,1.0,0.6
613,849,relevant,3,non_answer,,positive,1.0,1.0,0.03
614,849,relevant,8,low_certainty,negative,negative,1.0,1.0,0.37
615,849,relevant,6,exhaustive,negative,neutral,1.0,1.0,0.99
616,849,relevant,4,exhaustive,positive,positive,1.0,1.0,1.0
617,849,relevant,12,exhaustive,positive,neutral,1.0,1.0,1.0
618,849,relevant,1,exhaustive,negative,neutral,1.0,1.0,1.0
619,849,relevant,10,high_certainty,positive,negative,1.0,1.0,0.79
620,850,relevant,10,high_certainty,positive,negative,0.0,0.0,0.66
621,850,relevant,4,high_certainty,negative,neutral,0.0,0.0,0.34
622,850,relevant,5,low_certainty,positive,neutral,0.0,0.0,0.63
623,850,relevant,6,low_certainty,negative,positive,0.0,0.0,0.7
624,850,relevant,12,exhaustive,negative,negative,0.0,0.0,0.72
625,850,relevant,11,exhaustive,positive,neutral,0.0,0.0,0.87
626,850,relevant,2,low_certainty,positive,positive,0.0,0.0,0.58
627,850,relevant,1,high_certainty,negative,positive,0.0,0.0,0.63
628,850,relevant,3,non_answer,,negative,0.0,0.0,0.0
629,850,relevant,7,high_certainty,positive,neutral,0.0,0.0,0.67
630,860,relevant,5,high_certainty,negative,positive,1.0,0.0,0.36
631,860,relevant,2,exhaustive,positive,negative,1.0,0.0,0.89
632,860,relevant,11,low_certainty,positive,negative,1.0,0.0,0.79
633,860,relevant,7,exhaustive,negative,neutral,1.0,0.0,0.86
634,860,relevant,12,high_certainty,positive,positive,1.0,0.0,0.75
635,860,relevant,1,low_certainty,positive,neutral,1.0,0.0,0.7
636,860,relevant,6,non_answer,,negative,1.0,0.0,0.16
637,860,relevant,8,low_certainty,negative,positive,1.0,0.0,0.72
638,860,relevant,3,low_certainty,negative,neutral,1.0,0.0,0.27
639,860,relevant,10,non_answer,,positive,1.0,0.0,0.08
640,862,relevant,2,high_certainty,positive,neutral,1.0,0.5,0.45
641,862,relevant,8,exhaustive,negative,neutral,1.0,0.5,1.0
642,862,relevant,6,high_certainty,positive,neutral,1.0,0.5,0.87
643,862,relevant,3,low_certainty,positive,positive,1.0,0.5,0.0
644,862,relevant,4,exhaustive,negative,positive,1.0,0.5,1.0
645,862,relevant,1,non_answer,,negative,1.0,0.5,0.0
646,862,relevant,12,high_certainty,negative,positive,1.0,0.5,0.75
647,862,relevant,11,exhaustive,positive,negative,1.0,0.5,1.0
648,862,relevant,7,low_certainty,negative,negative,1.0,0.5,0.65
649,862,relevant,5,low_certainty,negative,positive,1.0,0.5,0.58
650,853,relevant,7,exhaustive,positive,neutral,1.0,0.5,0.85
651,853,relevant,2,high_certainty,negative,negative,1.0,0.5,0.52
652,853,relevant,11,exhaustive,negative,positive,1.0,0.5,0.9
653,853,relevant,5,low_certainty,positive,negative,1.0,0.5,0.54
654,853,relevant,4,exhaustive,positive,positive,1.0,0.5,1.0
655,853,relevant,6,non_answer,,positive,1.0,0.5,0.0
656,853,relevant,1,high_certainty,positive,neutral,1.0,0.5,0.86
657,853,relevant,3,non_answer,,neutral,1.0,0.5,0.0
658,853,relevant,12,high_certainty,positive,negative,1.0,0.5,0.04
659,853,relevant,8,low_certainty,negative,neutral,1.0,0.5,0.05
660,857,relevant,6,exhaustive,positive,neutral,1.0,0.5,1.0
661,857,relevant,8,exhaustive,negative,negative,1.0,0.5,0.64
662,857,relevant,7,low_certainty,negative,negative,1.0,0.5,0.05
663,857,relevant,5,low_certainty,positive,positive,1.0,0.5,0.05
664,857,relevant,11,high_certainty,positive,positive,1.0,0.5,0.73
665,857,relevant,10,low_certainty,negative,neutral,1.0,0.5,0.07
666,857,relevant,4,non_answer,,neutral,1.0,0.5,0.0
667,857,relevant,2,high_certainty,positive,negative,1.0,0.5,0.12
668,857,relevant,12,exhaustive,positive,positive,1.0,0.5,0.91
669,857,relevant,9,high_certainty,negative,positive,1.0,0.5,0.0
670,858,relevant,6,exhaustive,negative,negative,1.0,0.0,1.0
671,858,relevant,9,high_certainty,positive,positive,1.0,0.0,0.94
672,858,relevant,8,exhaustive,positive,neutral,1.0,0.0,1.0
673,858,relevant,1,high_certainty,positive,neutral,1.0,0.0,0.59
674,858,relevant,12,non_answer,,neutral,1.0,0.0,0.0
675,858,relevant,10,low_certainty,positive,positive,1.0,0.0,0.58
676,858,relevant,11,low_certainty,negative,positive,1.0,0.0,0.81
677,858,relevant,5,non_answer,,negative,1.0,0.0,0.0
678,858,relevant,3,high_certainty,negative,negative,1.0,0.0,0.8
679,858,relevant,7,low_certainty,positive,neutral,1.0,0.0,0.29
680,871,relevant,2,high_certainty,positive,negative,1.0,1.0,0.61
681,871,relevant,9,non_answer,,negative,1.0,1.0,0.01
682,871,relevant,1,low_certainty,negative,positive,1.0,1.0,0.27
683,871,relevant,11,high_certainty,negative,neutral,1.0,1.0,0.83
684,871,relevant,3,exhaustive,positive,positive,1.0,1.0,1.0
685,871,relevant,6,low_certainty,positive,negative,1.0,1.0,0.4
686,871,relevant,4,exhaustive,negative,neutral,1.0,1.0,1.0
687,871,relevant,10,exhaustive,negative,neutral,1.0,1.0,1.0
688,871,relevant,12,high_certainty,negative,positive,1.0,1.0,0.24
689,871,relevant,8,exhaustive,positive,positive,1.0,1.0,0.59
690,876,relevant,7,exhaustive,positive,positive,1.0,0.5,0.9
691,876,relevant,11,non_answer,,positive,1.0,0.5,0.01
692,876,relevant,10,low_certainty,positive,negative,1.0,0.5,0.66
693,876,relevant,12,exhaustive,negative,neutral,1.0,0.5,1.0
694,876,relevant,8,high_certainty,positive,neutral,1.0,0.5,0.6
695,876,relevant,9,low_certainty,positive,positive,1.0,0.5,0.66
696,876,relevant,5,exhaustive,negative,negative,1.0,0.5,0.95
697,876,relevant,2,high_certainty,negative,neutral,1.0,0.5,0.69
698,876,relevant,3,low_certainty,negative,negative,1.0,0.5,0.55
699,876,relevant,4,non_answer,,negative,1.0,0.5,0.0
700,855,relevant,7,exhaustive,positive,neutral,1.0,1.0,0.8
701,855,relevant,12,exhaustive,negative,negative,1.0,1.0,0.85
702,855,relevant,11,exhaustive,positive,negative,1.0,1.0,1.0
703,855,relevant,2,high_certainty,positive,positive,1.0,1.0,0.45
704,855,relevant,10,non_answer,,negative,1.0,1.0,0.0
705,855,relevant,5,low_certainty,positive,positive,1.0,1.0,0.8
706,855,relevant,6,exhaustive,negative,positive,1.0,1.0,1.0
707,855,relevant,4,low_certainty,negative,neutral,1.0,1.0,0.0
708,855,relevant,3,non_answer,,neutral,1.0,1.0,0.0
709,855,relevant,1,high_certainty,negative,negative,1.0,1.0,0.15
710,859,relevant,3,exhaustive,positive,neutral,1.0,1.0,1.0
711,859,relevant,11,high_certainty,negative,neutral,1.0,1.0,0.35
712,859,relevant,12,high_certainty,positive,negative,1.0,1.0,0.04
713,859,relevant,8,exhaustive,positive,negative,1.0,1.0,0.98
714,859,relevant,6,non_answer,,positive,1.0,1.0,0.0
715,859,relevant,1,low_certainty,positive,negative,1.0,1.0,0.0
716,859,relevant,4,high_certainty,negative,positive,1.0,1.0,0.0
717,859,relevant,10,low_certainty,negative,positive,1.0,1.0,0.09
718,859,relevant,2,low_certainty,positive,neutral,1.0,1.0,0.57
719,859,relevant,7,exhaustive,negative,neutral,1.0,1.0,0.95
720,861,relevant,11,low_certainty,negative,neutral,1.0,1.0,0.95
721,861,relevant,10,non_answer,,neutral,1.0,1.0,0.06
722,861,relevant,6,exhaustive,positive,neutral,1.0,1.0,1.0
723,861,relevant,4,low_certainty,positive,negative,1.0,1.0,0.25
724,861,relevant,5,high_certainty,positive,positive,1.0,1.0,0.8
725,861,relevant,12,exhaustive,positive,positive,1.0,1.0,1.0
726,861,relevant,3,high_certainty,negative,negative,1.0,1.0,0.35
727,861,relevant,9,exhaustive,negative,negative,1.0,1.0,1.0
728,861,relevant,2,non_answer,,positive,1.0,1.0,0.11
729,861,relevant,1,high_certainty,negative,neutral,1.0,1.0,0.6
730,864,relevant,11,high_certainty,negative,neutral,1.0,0.5,0.7
731,864,relevant,2,non_answer,,positive,1.0,0.5,0.09
732,864,relevant,9,high_certainty,positive,negative,1.0,0.5,0.8
733,864,relevant,7,exhaustive,positive,negative,1.0,0.5,1.0
734,864,relevant,1,exhaustive,positive,neutral,1.0,0.5,0.97
735,864,relevant,10,low_certainty,positive,negative,1.0,0.5,0.63
736,864,relevant,12,high_certainty,negative,positive,1.0,0.5,0.4
737,864,relevant,8,exhaustive,negative,positive,1.0,0.5,0.97
738,864,relevant,6,low_certainty,negative,neutral,1.0,0.5,0.6
739,864,relevant,3,exhaustive,negative,negative,1.0,0.5,1.0
740,875,relevant,10,low_certainty,negative,negative,1.0,1.0,0.36
741,875,relevant,6,high_certainty,positive,negative,1.0,1.0,0.91
742,875,relevant,1,low_certainty,negative,positive,1.0,1.0,0.61
743,875,relevant,11,high_certainty,negative,neutral,1.0,1.0,0.88
744,875,relevant,2,non_answer,,neutral,1.0,1.0,0.8
745,875,relevant,7,exhaustive,positive,positive,1.0,1.0,1.0
746,875,relevant,4,high_certainty,negative,neutral,1.0,1.0,0.3
747,875,relevant,8,exhaustive,negative,positive,1.0,1.0,0.54
748,875,relevant,5,low_certainty,positive,negative,1.0,1.0,0.68
749,875,relevant,12,exhaustive,negative,neutral,1.0,1.0,1.0
750,882,relevant,12,non_answer,,negative,1.0,0.5,0.04
751,882,relevant,10,non_answer,,neutral,1.0,0.5,0.0
752,882,relevant,4,high_certainty,positive,neutral,1.0,0.5,1.0
753,882,relevant,7,high_certainty,negative,neutral,1.0,0.5,0.59
754,882,relevant,11,high_certainty,positive,negative,1.0,0.5,0.51
755,882,relevant,5,exhaustive,positive,positive,1.0,0.5,1.0
756,882,relevant,9,low_certainty,negative,negative,1.0,0.5,0.75
757,882,relevant,2,low_certainty,positive,positive,1.0,0.5,0.37
758,882,relevant,8,exhaustive,negative,positive,1.0,0.5,0.92
759,882,relevant,1,exhaustive,negative,negative,1.0,0.5,0.82
760,863,relevant,4,non_answer,,neutral,1.0,1.0,0.0
761,863,relevant,6,low_certainty,negative,negative,1.0,1.0,0.55
762,863,relevant,7,high_certainty,positive,positive,1.0,1.0,0.6
763,863,relevant,12,low_certainty,negative,positive,1.0,1.0,0.3
764,863,relevant,11,low_certainty,positive,neutral,1.0,1.0,0.7
765,863,relevant,9,exhaustive,positive,neutral,1.0,1.0,0.9
766,863,relevant,5,high_certainty,negative,negative,1.0,1.0,0.2
767,863,relevant,8,exhaustive,negative,positive,1.0,1.0,0.95
768,863,relevant,2,high_certainty,negative,negative,1.0,1.0,0.8
769,863,relevant,3,low_certainty,positive,positive,1.0,1.0,0.01
770,865,relevant,9,exhaustive,negative,positive,0.5,1.0,1.0
771,865,relevant,7,exhaustive,negative,neutral,0.5,1.0,0.12
772,865,relevant,11,low_certainty,positive,neutral,0.5,1.0,0.69
773,865,relevant,2,high_certainty,positive,negative,0.5,1.0,0.2
774,865,relevant,3,high_certainty,negative,neutral,0.5,1.0,0.72
775,865,relevant,5,exhaustive,positive,positive,0.5,1.0,0.99
776,865,relevant,12,low_certainty,negative,positive,0.5,1.0,0.61
777,865,relevant,10,non_answer,,negative,0.5,1.0,0.0
778,865,relevant,4,low_certainty,negative,negative,0.5,1.0,0.0
779,865,relevant,8,non_answer,,negative,0.5,1.0,0.0
780,866,relevant,10,high_certainty,negative,positive,1.0,0.5,0.3
781,866,relevant,9,exhaustive,negative,negative,1.0,0.5,0.96
782,866,relevant,7,high_certainty,negative,neutral,1.0,0.5,0.9
783,866,relevant,1,low_certainty,negative,negative,1.0,0.5,0.6
784,866,relevant,12,exhaustive,positive,neutral,1.0,0.5,0.97
785,866,relevant,8,high_certainty,positive,neutral,1.0,0.5,0.86
786,866,relevant,6,high_certainty,positive,positive,1.0,0.5,0.6
787,866,relevant,3,low_certainty,positive,positive,1.0,0.5,0.01
788,866,relevant,5,exhaustive,positive,negative,1.0,0.5,0.96
789,866,relevant,2,non_answer,,negative,1.0,0.5,0.0
790,873,relevant,1,high_certainty,positive,positive,1.0,1.0,0.8
791,873,relevant,9,low_certainty,negative,neutral,1.0,1.0,0.65
792,873,relevant,3,low_certainty,positive,negative,1.0,1.0,0.0
793,873,relevant,7,exhaustive,positive,positive,1.0,1.0,1.0
794,873,relevant,11,non_answer,,neutral,1.0,1.0,0.07
795,873,relevant,4,high_certainty,negative,negative,1.0,1.0,0.3
796,873,relevant,5,exhaustive,negative,neutral,1.0,1.0,1.0
797,873,relevant,10,non_answer,,negative,1.0,1.0,0.14
798,873,relevant,12,exhaustive,negative,positive,1.0,1.0,1.0
799,873,relevant,6,low_certainty,positive,positive,1.0,1.0,0.0
800,877,relevant,1,high_certainty,positive,positive,1.0,0.0,0.84
801,877,relevant,9,high_certainty,positive,neutral,1.0,0.0,0.95
802,877,relevant,11,high_certainty,negative,neutral,1.0,0.0,0.4
803,877,relevant,7,non_answer,,negative,1.0,0.0,0.0
804,877,relevant,6,exhaustive,negative,positive,1.0,0.0,1.0
805,877,relevant,8,low_certainty,positive,negative,1.0,0.0,0.22
806,877,relevant,12,low_certainty,positive,neutral,1.0,0.0,0.12
807,877,relevant,3,exhaustive,positive,positive,1.0,0.0,1.0
808,877,relevant,5,exhaustive,negative,negative,1.0,0.0,1.0
809,877,relevant,2,low_certainty,negative,positive,1.0,0.0,0.12
810,867,relevant,2,low_certainty,positive,neutral,1.0,0.5,0.76
811,867,relevant,9,high_certainty,positive,neutral,1.0,0.5,1.0
812,867,relevant,7,high_certainty,negative,positive,1.0,0.5,0.81
813,867,relevant,6,exhaustive,positive,negative,1.0,0.5,1.0
814,867,relevant,3,exhaustive,negative,positive,1.0,0.5,1.0
815,867,relevant,11,high_certainty,positive,positive,1.0,0.5,0.95
816,867,relevant,5,low_certainty,negative,negative,1.0,0.5,0.89
817,867,relevant,4,non_answer,,negative,1.0,0.5,0.13
818,867,relevant,12,high_certainty,negative,neutral,1.0,0.5,0.92
819,867,relevant,10,low_certainty,negative,neutral,1.0,0.5,0.48
820,892,relevant,1,non_answer,,positive,1.0,0.5,0.05
821,892,relevant,5,low_certainty,positive,positive,1.0,0.5,0.76
822,892,relevant,12,exhaustive,negative,neutral,1.0,0.5,1.0
823,892,relevant,11,low_certainty,negative,neutral,1.0,0.5,0.95
824,892,relevant,3,high_certainty,positive,negative,1.0,0.5,0.75
825,892,relevant,10,non_answer,,negative,1.0,0.5,0.05
826,892,relevant,7,low_certainty,negative,neutral,1.0,0.5,0.3
827,892,relevant,9,exhaustive,positive,positive,1.0,0.5,0.8
828,892,relevant,8,low_certainty,positive,negative,1.0,0.5,0.7
829,892,relevant,4,high_certainty,negative,positive,1.0,0.5,0.35
830,901,relevant,10,exhaustive,positive,positive,0.0,0.0,0.59
831,901,relevant,12,high_certainty,positive,negative,0.0,0.0,0.87
832,901,relevant,2,non_answer,,neutral,0.0,0.0,1.0
833,901,relevant,9,high_certainty,positive,negative,0.0,0.0,0.6
834,901,relevant,7,low_certainty,negative,negative,0.0,0.0,0.54
835,901,relevant,1,high_certainty,negative,neutral,0.0,0.0,0.61
836,901,relevant,4,exhaustive,positive,positive,0.0,0.0,0.36
837,901,relevant,5,low_certainty,positive,neutral,0.0,0.0,0.59
838,901,relevant,6,exhaustive,negative,positive,0.0,0.0,0.8
839,901,relevant,11,high_certainty,negative,negative,0.0,0.0,0.6
840,868,relevant,6,low_certainty,negative,neutral,0.5,1.0,0.23
841,868,relevant,8,high_certainty,positive,neutral,0.5,1.0,0.85
842,868,relevant,7,exhaustive,negative,negative,0.5,1.0,0.36
843,868,relevant,5,exhaustive,positive,negative,0.5,1.0,0.03
844,868,relevant,10,low_certainty,positive,positive,0.5,1.0,0.34
845,868,relevant,12,exhaustive,positive,negative,0.5,1.0,0.78
846,868,relevant,9,non_answer,,neutral,0.5,1.0,0.1
847,868,relevant,1,non_answer,,positive,0.5,1.0,0.04
848,868,relevant,11,high_certainty,negative,positive,0.5,1.0,0.62
849,868,relevant,3,exhaustive,negative,positive,0.5,1.0,0.84
850,870,relevant,8,exhaustive,negative,neutral,0.5,0.0,1.0
851,870,relevant,2,high_certainty,negative,neutral,0.5,0.0,0.79
852,870,relevant,1,non_answer,,positive,0.5,0.0,0.0
853,870,relevant,11,high_certainty,negative,negative,0.5,0.0,0.82
854,870,relevant,3,low_certainty,negative,positive,0.5,0.0,0.71
855,870,relevant,12,low_certainty,positive,neutral,0.5,0.0,0.13
856,870,relevant,4,exhaustive,negative,positive,0.5,0.0,0.82
857,870,relevant,7,low_certainty,positive,negative,0.5,0.0,0.57
858,870,relevant,6,exhaustive,positive,negative,0.5,0.0,1.0
859,870,relevant,9,high_certainty,positive,positive,0.5,0.0,0.91
860,878,relevant,3,non_answer,,positive,1.0,0.0,0.09
861,878,relevant,12,low_certainty,positive,positive,1.0,0.0,0.71
862,878,relevant,11,high_certainty,positive,negative,1.0,0.0,0.85
863,878,relevant,10,low_certainty,negative,positive,1.0,0.0,0.56
864,878,relevant,8,exhaustive,positive,negative,1.0,0.0,0.72
865,878,relevant,4,high_certainty,negative,neutral,1.0,0.0,0.29
866,878,relevant,5,high_certainty,positive,neutral,1.0,0.0,0.77
867,878,relevant,2,exhaustive,negative,neutral,1.0,0.0,0.75
868,878,relevant,6,exhaustive,positive,negative,1.0,0.0,0.87
869,878,relevant,9,exhaustive,negative,positive,1.0,0.0,0.97
870,888,relevant,2,exhaustive,negative,neutral,0.0,1.0,0.78
871,888,relevant,1,high_certainty,positive,negative,0.0,1.0,0.0
872,888,relevant,7,high_certainty,negative,neutral,0.0,1.0,0.0
873,888,relevant,11,low_certainty,positive,negative,0.0,1.0,0.63
874,888,relevant,12,exhaustive,positive,positive,0.0,1.0,1.0
875,888,relevant,4,low_certainty,positive,positive,0.0,1.0,0.62
876,888,relevant,9,high_certainty,positive,positive,0.0,1.0,1.0
877,888,relevant,8,non_answer,,negative,0.0,1.0,0.22
878,888,relevant,3,non_answer,,neutral,0.0,1.0,0.0
879,888,relevant,10,low_certainty,negative,negative,0.0,1.0,0.04
880,891,relevant,4,non_answer,,positive,1.0,1.0,0.02
881,891,relevant,6,high_certainty,negative,positive,1.0,1.0,0.6
882,891,relevant,9,high_certainty,positive,negative,1.0,1.0,0.7
883,891,relevant,1,high_certainty,positive,negative,1.0,1.0,0.6
884,891,relevant,7,non_answer,,neutral,1.0,1.0,0.01
885,891,relevant,8,high_certainty,negative,positive,1.0,1.0,0.3
886,891,relevant,10,low_certainty,negative,neutral,1.0,1.0,0.1
887,891,relevant,3,exhaustive,positive,neutral,1.0,1.0,1.0
888,891,relevant,11,exhaustive,negative,negative,1.0,1.0,0.95
889,891,relevant,2,low_certainty,positive,neutral,1.0,1.0,0.65
890,869,relevant,9,high_certainty,positive,positive,1.0,1.0,0.85
891,869,relevant,12,exhaustive,positive,neutral,1.0,1.0,0.98
892,869,relevant,2,high_certainty,positive,negative,1.0,1.0,1.0
893,869,relevant,6,low_certainty,positive,negative,1.0,1.0,0.62
894,869,relevant,7,low_certainty,positive,neutral,1.0,1.0,0.92
895,869,relevant,8,non_answer,,negative,1.0,1.0,0.01
896,869,relevant,3,exhaustive,negative,positive,1.0,1.0,1.0
897,869,relevant,11,low_certainty,negative,positive,1.0,1.0,0.93
898,869,relevant,5,high_certainty,negative,neutral,1.0,1.0,0.3
899,869,relevant,4,exhaustive,positive,neutral,1.0,1.0,0.99
900,872,relevant,7,exhaustive,positive,negative,1.0,0.5,0.91
901,872,relevant,8,high_certainty,negative,positive,1.0,0.5,0.3
902,872,relevant,4,high_certainty,positive,neutral,1.0,0.5,0.68
903,872,relevant,6,exhaustive,negative,negative,1.0,0.5,0.9
904,872,relevant,3,non_answer,,neutral,1.0,0.5,0.15
905,872,relevant,1,high_certainty,positive,neutral,1.0,0.5,0.75
906,872,relevant,9,low_certainty,negative,positive,1.0,0.5,0.64
907,872,relevant,11,high_certainty,negative,positive,1.0,0.5,0.8
908,872,relevant,10,exhaustive,positive,negative,1.0,0.5,1.0
909,872,relevant,5,low_certainty,positive,positive,1.0,0.5,0.76
910,879,relevant,1,non_answer,,positive,1.0,0.5,0.08
911,879,relevant,11,exhaustive,positive,neutral,1.0,0.5,1.0
912,879,relevant,3,high_certainty,positive,negative,1.0,0.5,0.75
913,879,relevant,12,low_certainty,negative,positive,1.0,0.5,0.8
914,879,relevant,4,low_certainty,positive,neutral,1.0,0.5,0.53
915,879,relevant,8,high_certainty,positive,negative,1.0,0.5,0.75
916,879,relevant,10,non_answer,,positive,1.0,0.5,0.11
917,879,relevant,7,low_certainty,positive,neutral,1.0,0.5,0.75
918,879,relevant,2,exhaustive,negative,negative,1.0,0.5,1.0
919,879,relevant,6,high_certainty,negative,negative,1.0,0.5,1.0
920,894,relevant,7,exhaustive,positive,neutral,1.0,0.0,0.94
921,894,relevant,5,high_certainty,negative,neutral,1.0,0.0,0.57
922,894,relevant,2,high_certainty,positive,negative,1.0,0.0,0.6
923,894,relevant,12,low_certainty,negative,positive,1.0,0.0,0.7
924,894,relevant,11,high_certainty,positive,negative,1.0,0.0,0.77
925,894,relevant,6,low_certainty,positive,neutral,1.0,0.0,0.4
926,894,relevant,1,exhaustive,negative,negative,1.0,0.0,0.86
927,894,relevant,10,low_certainty,positive,positive,1.0,0.0,0.46
928,894,relevant,4,low_certainty,negative,positive,1.0,0.0,0.46
929,894,relevant,9,non_answer,,neutral,1.0,0.0,0.19
930,895,relevant,3,high_certainty,negative,negative,1.0,0.5,0.71
931,895,relevant,12,low_certainty,positive,positive,1.0,0.5,0.13
932,895,relevant,6,non_answer,,positive,1.0,0.5,0.01
933,895,relevant,8,low_certainty,negative,negative,1.0,0.5,0.38
934,895,relevant,2,low_certainty,positive,positive,1.0,0.5,0.56
935,895,relevant,4,exhaustive,negative,neutral,1.0,0.5,1.0
936,895,relevant,5,high_certainty,positive,negative,1.0,0.5,0.94
937,895,relevant,9,exhaustive,positive,neutral,1.0,0.5,0.98
938,895,relevant,7,high_certainty,negative,neutral,1.0,0.5,0.53
939,895,relevant,10,low_certainty,negative,neutral,1.0,0.5,0.19
940,874,relevant,4,low_certainty,positive,neutral,1.0,1.0,0.41
941,874,relevant,8,low_certainty,negative,negative,1.0,1.0,0.58
942,874,relevant,2,exhaustive,negative,positive,1.0,1.0,1.0
943,874,relevant,11,high_certainty,negative,negative,1.0,1.0,0.65
944,874,relevant,3,exhaustive,positive,neutral,1.0,1.0,1.0
945,874,relevant,5,exhaustive,negative,negative,1.0,1.0,1.0
946,874,relevant,6,high_certainty,negative,neutral,1.0,1.0,0.77
947,874,relevant,1,non_answer,,positive,1.0,1.0,0.1
948,874,relevant,7,high_certainty,positive,positive,1.0,1.0,0.84
949,874,relevant,10,low_certainty,negative,positive,1.0,1.0,0.16
950,890,relevant,6,low_certainty,negative,positive,1.0,1.0,0.2
951,890,relevant,9,low_certainty,negative,negative,1.0,1.0,0.75
952,890,relevant,11,exhaustive,positive,neutral,1.0,1.0,1.0
953,890,relevant,12,high_certainty,negative,negative,1.0,1.0,0.75
954,890,relevant,3,low_certainty,positive,neutral,1.0,1.0,0.0
955,890,relevant,10,exhaustive,negative,neutral,1.0,1.0,0.99
956,890,relevant,8,non_answer,,positive,1.0,1.0,0.0
957,890,relevant,5,low_certainty,positive,negative,1.0,1.0,0.75
958,890,relevant,1,exhaustive,positive,positive,1.0,1.0,1.0
959,890,relevant,7,high_certainty,positive,neutral,1.0,1.0,0.81
960,893,relevant,4,non_answer,,neutral,1.0,0.5,0.0
961,893,relevant,8,low_certainty,negative,negative,1.0,0.5,0.06
962,893,relevant,1,high_certainty,negative,negative,1.0,0.5,0.93
963,893,relevant,7,exhaustive,positive,positive,1.0,0.5,1.0
964,893,relevant,9,high_certainty,negative,negative,1.0,0.5,0.35
965,893,relevant,12,high_certainty,positive,neutral,1.0,0.5,0.59
966,893,relevant,2,low_certainty,positive,neutral,1.0,0.5,0.62
967,893,relevant,5,low_certainty,negative,positive,1.0,0.5,0.73
968,893,relevant,6,exhaustive,negative,positive,1.0,0.5,0.93
969,893,relevant,3,exhaustive,negative,positive,1.0,0.5,1.0
970,880,relevant,6,exhaustive,positive,positive,1.0,0.5,0.99
971,880,relevant,1,non_answer,,positive,1.0,0.5,0.05
972,880,relevant,10,low_certainty,negative,neutral,1.0,0.5,0.26
973,880,relevant,8,high_certainty,positive,negative,1.0,0.5,0.85
974,880,relevant,7,exhaustive,negative,neutral,1.0,0.5,0.95
975,880,relevant,11,high_certainty,negative,neutral,1.0,0.5,0.75
976,880,relevant,9,high_certainty,negative,positive,1.0,0.5,0.74
977,880,relevant,12,exhaustive,negative,negative,1.0,0.5,0.99
978,880,relevant,2,non_answer,,negative,1.0,0.5,0.4
979,880,relevant,4,low_certainty,positive,negative,1.0,0.5,0.27
980,885,relevant,7,high_certainty,positive,neutral,1.0,0.5,0.69
981,885,relevant,1,low_certainty,positive,neutral,1.0,0.5,0.0
982,885,relevant,6,low_certainty,negative,positive,1.0,0.5,1.0
983,885,relevant,8,exhaustive,negative,positive,1.0,0.5,1.0
984,885,relevant,9,exhaustive,positive,positive,1.0,0.5,1.0
985,885,relevant,10,high_certainty,positive,neutral,1.0,0.5,0.77
986,885,relevant,11,low_certainty,negative,negative,1.0,0.5,0.78
987,885,relevant,5,high_certainty,negative,negative,1.0,0.5,0.68
988,885,relevant,3,non_answer,,negative,1.0,0.5,0.0
989,885,relevant,4,high_certainty,negative,negative,1.0,0.5,0.0
990,881,relevant,2,exhaustive,negative,neutral,1.0,0.0,0.77
991,881,relevant,9,exhaustive,positive,negative,1.0,0.0,0.54
992,881,relevant,11,high_certainty,negative,positive,1.0,0.0,0.38
993,881,relevant,10,low_certainty,positive,neutral,1.0,0.0,0.36
994,881,relevant,1,low_certainty,negative,neutral,1.0,0.0,0.23
995,881,relevant,6,low_certainty,positive,positive,1.0,0.0,0.21
996,881,relevant,4,exhaustive,positive,positive,1.0,0.0,0.95
997,881,relevant,5,non_answer,,negative,1.0,0.0,0.15
998,881,relevant,7,high_certainty,negative,negative,1.0,0.0,0.54
999,881,relevant,8,high_certainty,positive,negative,1.0,0.0,0.52
1000,883,relevant,5,high_certainty,negative,neutral,1.0,0.5,0.9
1001,883,relevant,9,low_certainty,negative,positive,1.0,0.5,0.85
1002,883,relevant,11,non_answer,,positive,1.0,0.5,0.45
1003,883,relevant,4,low_certainty,positive,neutral,1.0,0.5,0.6
1004,883,relevant,1,low_certainty,positive,negative,1.0,0.5,0.2
1005,883,relevant,10,high_certainty,positive,negative,1.0,0.5,0.19
1006,883,relevant,8,non_answer,,neutral,1.0,0.5,0.22
1007,883,relevant,2,exhaustive,negative,positive,1.0,0.5,0.85
1008,883,relevant,3,low_certainty,negative,negative,1.0,0.5,0.85
1009,883,relevant,6,exhaustive,positive,negative,1.0,0.5,1.0
1010,884,relevant,12,low_certainty,negative,positive,1.0,1.0,1.0
1011,884,relevant,5,low_certainty,positive,neutral,1.0,1.0,0.29
1012,884,relevant,11,exhaustive,negative,positive,1.0,1.0,1.0
1013,884,relevant,9,low_certainty,negative,neutral,1.0,1.0,0.75
1014,884,relevant,2,high_certainty,positive,negative,1.0,1.0,0.17
1015,884,relevant,6,non_answer,,neutral,1.0,1.0,0.0
1016,884,relevant,3,exhaustive,positive,negative,1.0,1.0,1.0
1017,884,relevant,4,exhaustive,negative,negative,1.0,1.0,1.0
1018,884,relevant,10,non_answer,,positive,1.0,1.0,0.0
1019,884,relevant,1,high_certainty,negative,positive,1.0,1.0,0.63
1020,886,relevant,5,exhaustive,negative,neutral,1.0,0.5,1.0
1021,886,relevant,3,non_answer,,neutral,1.0,0.5,0.1
1022,886,relevant,7,low_certainty,positive,positive,1.0,0.5,0.57
1023,886,relevant,8,non_answer,,negative,1.0,0.5,0.1
1024,886,relevant,9,low_certainty,negative,negative,1.0,0.5,0.74
1025,886,relevant,12,exhaustive,positive,neutral,1.0,0.5,0.98
1026,886,relevant,4,low_certainty,negative,negative,1.0,0.5,0.02
1027,886,relevant,6,high_certainty,positive,positive,1.0,0.5,0.87
1028,886,relevant,11,low_certainty,positive,positive,1.0,0.5,0.77
1029,886,relevant,1,high_certainty,negative,positive,1.0,0.5,0.7
1030,898,relevant,2,high_certainty,negative,neutral,1.0,0.5,0.76
1031,898,relevant,8,high_certainty,negative,negative,1.0,0.5,0.73
1032,898,relevant,5,exhaustive,positive,positive,1.0,0.5,1.0
1033,898,relevant,10,non_answer,,negative,1.0,0.5,0.09
1034,898,relevant,3,low_certainty,positive,neutral,1.0,0.5,0.06
1035,898,relevant,1,exhaustive,negative,neutral,1.0,0.5,0.94
1036,898,relevant,11,low_certainty,negative,positive,1.0,0.5,0.68
1037,898,relevant,9,exhaustive,negative,negative,1.0,0.5,1.0
1038,898,relevant,6,high_certainty,positive,positive,1.0,0.5,0.6
1039,898,relevant,12,non_answer,,positive,1.0,0.5,0.06
1040,887,relevant,2,exhaustive,positive,negative,0.0,0.5,1.0
1041,887,relevant,6,low_certainty,negative,neutral,0.0,0.5,0.5
1042,887,relevant,3,exhaustive,negative,negative,0.0,0.5,0.66
1043,887,relevant,11,high_certainty,positive,positive,0.0,0.5,0.65
1044,887,relevant,7,low_certainty,positive,neutral,0.0,0.5,0.0
1045,887,relevant,10,high_certainty,positive,positive,0.0,0.5,0.56
1046,887,relevant,1,exhaustive,positive,neutral,0.0,0.5,0.71
1047,887,relevant,12,high_certainty,negative,positive,0.0,0.5,0.16
1048,887,relevant,5,non_answer,,negative,0.0,0.5,0.22
1049,887,relevant,9,low_certainty,negative,positive,0.0,0.5,0.61
1050,889,relevant,5,exhaustive,positive,negative,0.5,1.0,0.73
1051,889,relevant,3,exhaustive,negative,negative,0.5,1.0,0.85
1052,889,relevant,12,high_certainty,negative,neutral,0.5,1.0,0.71
1053,889,relevant,10,low_certainty,positive,positive,0.5,1.0,0.58
1054,889,relevant,11,low_certainty,negative,positive,0.5,1.0,0.69
1055,889,relevant,4,low_certainty,negative,neutral,0.5,1.0,0.23
1056,889,relevant,1,non_answer,,negative,0.5,1.0,0.03
1057,889,relevant,9,high_certainty,positive,positive,0.5,1.0,0.91
1058,889,relevant,6,high_certainty,negative,neutral,0.5,1.0,0.22
1059,889,relevant,2,high_certainty,positive,neutral,0.5,1.0,0.75
1060,896,relevant,7,high_certainty,positive,neutral,1.0,1.0,0.9
1061,896,relevant,6,exhaustive,positive,positive,1.0,1.0,1.0
1062,896,relevant,3,high_certainty,negative,negative,1.0,1.0,0.39
1063,896,relevant,11,high_certainty,negative,negative,1.0,1.0,1.0
1064,896,relevant,4,high_certainty,positive,positive,1.0,1.0,0.7
1065,896,relevant,9,low_certainty,positive,positive,1.0,1.0,0.92
1066,896,relevant,5,low_certainty,negative,neutral,1.0,1.0,0.85
1067,896,relevant,2,non_answer,,neutral,1.0,1.0,1.0
1068,896,relevant,10,exhaustive,negative,negative,1.0,1.0,1.0
1069,896,relevant,1,exhaustive,positive,negative,1.0,1.0,1.0
1070,897,relevant,3,low_certainty,negative,negative,0.0,1.0,0.17
1071,897,relevant,8,high_certainty,negative,negative,0.0,1.0,0.33
1072,897,relevant,11,high_certainty,positive,negative,0.0,1.0,1.0
1073,897,relevant,7,exhaustive,negative,neutral,0.0,1.0,1.0
1074,897,relevant,12,low_certainty,positive,positive,0.0,1.0,0.32
1075,897,relevant,9,high_certainty,positive,positive,0.0,1.0,0.86
1076,897,relevant,4,non_answer,,neutral,0.0,1.0,0.0
1077,897,relevant,10,high_certainty,negative,positive,0.0,1.0,0.16
1078,897,relevant,6,exhaustive,positive,neutral,0.0,1.0,1.0
1079,897,relevant,2,exhaustive,positive,negative,0.0,1.0,1.0
1080,899,relevant,10,low_certainty,positive,positive,1.0,0.5,0.74
1081,899,relevant,9,non_answer,,neutral,1.0,0.5,0.0
1082,899,relevant,3,low_certainty,positive,positive,1.0,0.5,0.01
1083,899,relevant,12,high_certainty,positive,neutral,1.0,0.5,0.27
1084,899,relevant,6,exhaustive,negative,negative,1.0,0.5,1.0
1085,899,relevant,2,exhaustive,positive,negative,1.0,0.5,0.99
1086,899,relevant,1,high_certainty,negative,negative,1.0,0.5,0.55
1087,899,relevant,5,high_certainty,negative,positive,1.0,0.5,0.65
1088,899,relevant,11,low_certainty,negative,neutral,1.0,0.5,0.73
1089,899,relevant,7,exhaustive,negative,positive,1.0,0.5,0.99
1090,900,relevant,5,high_certainty,positive,positive,1.0,1.0,0.7
1091,900,relevant,4,low_certainty,positive,neutral,1.0,1.0,0.1
1092,900,relevant,9,low_certainty,negative,negative,1.0,1.0,0.62
1093,900,relevant,2,non_answer,,neutral,1.0,1.0,0.0
1094,900,relevant,7,non_answer,,positive,1.0,1.0,0.02
1095,900,relevant,10,high_certainty,negative,negative,1.0,1.0,0.25
1096,900,relevant,11,high_certainty,negative,positive,1.0,1.0,0.55
1097,900,relevant,3,exhaustive,positive,negative,1.0,1.0,1.0
1098,900,relevant,8,high_certainty,positive,neutral,1.0,1.0,0.8
1099,900,relevant,12,exhaustive,negative,negative,1.0,1.0,1.0
1100,902,relevant,5,exhaustive,positive,neutral,1.0,1.0,1.0
1101,902,relevant,10,high_certainty,negative,neutral,1.0,1.0,0.72
1102,902,relevant,2,low_certainty,negative,positive,1.0,1.0,0.75
1103,902,relevant,7,high_certainty,positive,negative,1.0,1.0,0.95
1104,902,relevant,6,non_answer,,positive,1.0,1.0,0.04
1105,902,relevant,4,low_certainty,negative,negative,1.0,1.0,0.55
1106,902,relevant,9,low_certainty,positive,negative,1.0,1.0,0.76
1107,902,relevant,11,high_certainty,positive,positive,1.0,1.0,0.91
1108,902,relevant,3,exhaustive,negative,neutral,1.0,1.0,1.0
1109,902,relevant,1,non_answer,,neutral,1.0,1.0,0.07
1110,903,relevant,4,high_certainty,negative,positive,1.0,0.5,0.6
1111,903,relevant,3,high_certainty,positive,negative,1.0,0.5,0.75
1112,903,relevant,8,exhaustive,positive,positive,1.0,0.5,1.0
1113,903,relevant,1,exhaustive,positive,neutral,1.0,0.5,1.0
1114,903,relevant,9,low_certainty,negative,neutral,1.0,0.5,0.4
1115,903,relevant,7,non_answer,,negative,1.0,0.5,0.0
1116,903,relevant,11,low_certainty,positive,positive,1.0,0.5,0.65
1117,903,relevant,6,exhaustive,negative,neutral,1.0,0.5,1.0
1118,903,relevant,2,non_answer,,negative,1.0,0.5,0.0
1119,903,relevant,10,high_certainty,negative,neutral,1.0,0.5,0.2
1120,904,relevant,8,low_certainty,positive,neutral,1.0,0.5,0.42
1121,904,relevant,12,non_answer,,neutral,1.0,0.5,0.01
1122,904,relevant,6,non_answer,,positive,1.0,0.5,0.05
1123,904,relevant,3,exhaustive,negative,negative,1.0,0.5,1.0
1124,904,relevant,5,high_certainty,negative,neutral,1.0,0.5,0.86
1125,904,relevant,1,high_certainty,positive,positive,1.0,0.5,0.54
1126,904,relevant,11,exhaustive,positive,negative,1.0,0.5,1.0
1127,904,relevant,10,exhaustive,negative,negative,1.0,0.5,1.0
1128,904,relevant,7,low_certainty,positive,positive,1.0,0.5,0.0
1129,904,relevant,2,low_certainty,negative,neutral,1.0,0.5,0.0
1130,905,relevant,11,exhaustive,positive,neutral,1.0,1.0,0.97
1131,905,relevant,7,high_certainty,negative,negative,1.0,1.0,0.96
1132,905,relevant,9,non_answer,,negative,1.0,1.0,0.16
1133,905,relevant,8,non_answer,,positive,1.0,1.0,0.0
1134,905,relevant,10,low_certainty,positive,neutral,1.0,1.0,0.06
1135,905,relevant,12,low_certainty,negative,neutral,1.0,1.0,0.06
1136,905,relevant,6,high_certainty,positive,positive,1.0,1.0,0.36
1137,905,relevant,5,high_certainty,positive,positive,1.0,1.0,0.93
1138,905,relevant,1,exhaustive,negative,negative,1.0,1.0,0.71
1139,905,relevant,2,exhaustive,positive,positive,1.0,1.0,0.98
1140,906,relevant,7,low_certainty,positive,positive,1.0,0.5,0.04
1141,906,relevant,8,exhaustive,positive,negative,1.0,0.5,1.0
1142,906,relevant,10,high_certainty,negative,neutral,1.0,0.5,0.2
1143,906,relevant,1,low_certainty,negative,neutral,1.0,0.5,0.55
1144,906,relevant,11,low_certainty,negative,negative,1.0,0.5,0.8
1145,906,relevant,2,exhaustive,negative,neutral,1.0,0.5,1.0
1146,906,relevant,9,high_certainty,positive,positive,1.0,0.5,0.99
1147,906,relevant,3,non_answer,,positive,1.0,0.5,0.0
1148,906,relevant,12,non_answer,,negative,1.0,0.5,0.0
1149,906,relevant,4,exhaustive,positive,negative,1.0,0.5,1.0
1150,911,relevant,11,non_answer,,positive,0.0,0.5,0.3
1151,911,relevant,8,low_certainty,negative,negative,0.0,0.5,0.16
1152,911,relevant,5,low_certainty,positive,neutral,0.0,0.5,0.62
1153,911,relevant,9,exhaustive,negative,neutral,0.0,0.5,1.0
1154,911,relevant,2,low_certainty,positive,positive,0.0,0.5,0.77
1155,911,relevant,4,high_certainty,positive,positive,0.0,0.5,0.38
1156,911,relevant,7,exhaustive,positive,negative,0.0,0.5,0.74
1157,911,relevant,12,exhaustive,negative,negative,0.0,0.5,1.0
1158,911,relevant,3,exhaustive,positive,neutral,0.0,0.5,1.0
1159,911,relevant,10,high_certainty,negative,neutral,0.0,0.5,0.12
1160,907,relevant,11,exhaustive,negative,positive,1.0,1.0,0.9
1161,907,relevant,4,high_certainty,negative,neutral,1.0,1.0,0.0
1162,907,relevant,10,non_answer,,positive,1.0,1.0,0.01
1163,907,relevant,2,low_certainty,positive,negative,1.0,1.0,0.25
1164,907,relevant,8,low_certainty,positive,positive,1.0,1.0,0.15
1165,907,relevant,12,exhaustive,negative,negative,1.0,1.0,0.99
1166,907,relevant,3,exhaustive,positive,neutral,1.0,1.0,1.0
1167,907,relevant,6,high_certainty,positive,negative,1.0,1.0,0.15
1168,907,relevant,1,exhaustive,positive,neutral,1.0,1.0,0.9
1169,907,relevant,9,low_certainty,negative,positive,1.0,1.0,0.7
1170,908,relevant,2,low_certainty,positive,positive,1.0,1.0,0.7
1171,908,relevant,6,low_certainty,positive,positive,1.0,1.0,0.75
1172,908,relevant,3,exhaustive,negative,positive,1.0,1.0,1.0
1173,908,relevant,8,high_certainty,negative,negative,1.0,1.0,0.8
1174,908,relevant,12,non_answer,,neutral,1.0,1.0,0.0
1175,908,relevant,9,exhaustive,positive,neutral,1.0,1.0,1.0
1176,908,relevant,1,low_certainty,negative,negative,1.0,1.0,0.0
1177,908,relevant,7,exhaustive,positive,negative,1.0,1.0,0.85
1178,908,relevant,11,high_certainty,positive,neutral,1.0,1.0,0.7
1179,908,relevant,10,high_certainty,negative,negative,1.0,1.0,0.0
1180,909,relevant,12,low_certainty,negative,neutral,1.0,0.5,0.75
1181,909,relevant,4,high_certainty,positive,neutral,1.0,0.5,0.6
1182,909,relevant,10,low_certainty,positive,negative,1.0,0.5,0.7
1183,909,relevant,1,high_certainty,negative,negative,1.0,0.5,0.41
1184,909,relevant,7,low_certainty,positive,positive,1.0,0.5,0.26
1185,909,relevant,2,high_certainty,negative,negative,1.0,0.5,1.0
1186,909,relevant,9,exhaustive,negative,neutral,1.0,0.5,1.0
1187,909,relevant,8,low_certainty,negative,positive,1.0,0.5,0.8
1188,909,relevant,6,non_answer,,positive,1.0,0.5,0.01
1189,909,relevant,5,exhaustive,positive,neutral,1.0,0.5,1.0
1190,910,relevant,12,low_certainty,negative,negative,1.0,0.5,0.4
1191,910,relevant,10,high_certainty,negative,neutral,1.0,0.5,0.3
1192,910,relevant,6,high_certainty,positive,neutral,1.0,0.5,0.8
1193,910,relevant,4,low_certainty,positive,negative,1.0,0.5,0.6
1194,910,relevant,11,high_certainty,negative,negative,1.0,0.5,0.8
1195,910,relevant,9,high_certainty,positive,positive,1.0,0.5,1.0
1196,910,relevant,3,exhaustive,positive,neutral,1.0,0.5,1.0
1197,910,relevant,2,exhaustive,positive,positive,1.0,0.5,1.0
1198,910,relevant,1,exhaustive,negative,positive,1.0,0.5,1.0
1199,910,relevant,8,non_answer,,negative,1.0,0.5,0.0
1200,912,relevant,10,high_certainty,negative,negative,1.0,1.0,0.06
1201,912,relevant,5,high_certainty,negative,negative,1.0,1.0,0.63
1202,912,relevant,7,low_certainty,negative,positive,1.0,1.0,0.57
1203,912,relevant,9,exhaustive,negative,positive,1.0,1.0,0.97
1204,912,relevant,2,exhaustive,positive,neutral,1.0,1.0,1.0
1205,912,relevant,6,high_certainty,positive,neutral,1.0,1.0,0.68
1206,912,relevant,3,non_answer,,positive,1.0,1.0,0.0
1207,912,relevant,8,exhaustive,positive,negative,1.0,1.0,0.75
1208,912,relevant,12,low_certainty,positive,neutral,1.0,1.0,0.2
1209,912,relevant,11,exhaustive,negative,positive,1.0,1.0,0.94
1210,913,relevant,3,high_certainty,positive,negative,1.0,0.5,0.85
1211,913,relevant,5,non_answer,,positive,1.0,0.5,0.28
1212,913,relevant,4,exhaustive,positive,neutral,1.0,0.5,1.0
1213,913,relevant,8,exhaustive,positive,positive,1.0,0.5,0.95
1214,913,relevant,1,high_certainty,negative,negative,1.0,0.5,0.43
1215,913,relevant,7,low_certainty,negative,neutral,1.0,0.5,0.67
1216,913,relevant,9,high_certainty,positive,neutral,1.0,0.5,1.0
1217,913,relevant,12,exhaustive,negative,positive,1.0,0.5,1.0
1218,913,relevant,6,low_certainty,positive,negative,1.0,0.5,0.31
1219,913,relevant,10,low_certainty,positive,neutral,1.0,0.5,0.57
1220,914,relevant,11,low_certainty,negative,neutral,1.0,0.5,0.94
1221,914,relevant,9,exhaustive,positive,neutral,1.0,0.5,0.98
1222,914,relevant,12,low_certainty,positive,positive,1.0,0.5,0.12
1223,914,relevant,5,non_answer,,positive,1.0,0.5,0.04
1224,914,relevant,2,high_certainty,negative,negative,1.0,0.5,0.87
1225,914,relevant,7,exhaustive,negative,negative,1.0,0.5,0.93
1226,914,relevant,6,high_certainty,negative,negative,1.0,0.5,0.88
1227,914,relevant,10,high_certainty,positive,positive,1.0,0.5,0.78
1228,914,relevant,4,exhaustive,negative,neutral,1.0,0.5,0.89
1229,914,relevant,8,low_certainty,positive,neutral,1.0,0.5,0.53
1230,915,relevant,2,exhaustive,negative,negative,1.0,1.0,0.95
1231,915,relevant,6,non_answer,,positive,1.0,1.0,0.05
1232,915,relevant,9,exhaustive,negative,positive,1.0,1.0,0.95
1233,915,relevant,10,low_certainty,positive,negative,1.0,1.0,0.7
1234,915,relevant,12,low_certainty,negative,neutral,1.0,1.0,0.8
1235,915,relevant,3,exhaustive,positive,neutral,1.0,1.0,1.0
1236,915,relevant,1,low_certainty,negative,negative,1.0,1.0,0.6
1237,915,relevant,8,non_answer,,neutral,1.0,1.0,0.05
1238,915,relevant,5,high_certainty,positive,positive,1.0,1.0,0.9
1239,915,relevant,7,high_certainty,negative,positive,1.0,1.0,0.85
1240,916,relevant,10,high_certainty,positive,positive,1.0,0.5,0.61
1241,916,relevant,4,low_certainty,positive,negative,1.0,0.5,0.42
1242,916,relevant,11,non_answer,,neutral,1.0,0.5,0.22
1243,916,relevant,2,exhaustive,positive,negative,1.0,0.5,0.61
1244,916,relevant,12,low_certainty,positive,neutral,1.0,0.5,0.15
1245,916,relevant,7,high_certainty,negative,positive,1.0,0.5,0.73
1246,916,relevant,9,high_certainty,negative,negative,1.0,0.5,0.67
1247,916,relevant,8,non_answer,,positive,1.0,0.5,0.17
1248,916,relevant,6,low_certainty,negative,neutral,1.0,0.5,0.85
1249,916,relevant,1,exhaustive,negative,positive,1.0,0.5,0.35
1250,917,relevant,5,high_certainty,positive,negative,1.0,0.0,0.85
1251,917,relevant,8,non_answer,,positive,1.0,0.0,0.0
1252,917,relevant,4,exhaustive,positive,negative,1.0,0.0,1.0
1253,917,relevant,3,low_certainty,negative,negative,1.0,0.0,0.62
1254,917,relevant,2,non_answer,,neutral,1.0,0.0,0.04
1255,917,relevant,10,low_certainty,positive,positive,1.0,0.0,0.54
1256,917,relevant,6,high_certainty,negative,neutral,1.0,0.0,0.63
1257,917,relevant,7,exhaustive,negative,positive,1.0,0.0,0.96
1258,917,relevant,12,low_certainty,positive,neutral,1.0,0.0,0.53
1259,917,relevant,11,high_certainty,negative,negative,1.0,0.0,0.44
1260,918,relevant,8,exhaustive,positive,positive,1.0,0.5,0.8
1261,918,relevant,11,low_certainty,negative,positive,1.0,0.5,0.1
1262,918,relevant,7,low_certainty,negative,neutral,1.0,0.5,0.1
1263,918,relevant,5,high_certainty,negative,negative,1.0,0.5,0.2
1264,918,relevant,6,exhaustive,negative,negative,1.0,0.5,1.0
1265,918,relevant,12,high_certainty,positive,positive,1.0,0.5,0.05
1266,918,relevant,3,non_answer,,neutral,1.0,0.5,0.0
1267,918,relevant,4,low_certainty,positive,negative,1.0,0.5,0.1
1268,918,relevant,1,exhaustive,positive,neutral,1.0,0.5,0.95
1269,918,relevant,9,exhaustive,negative,neutral,1.0,0.5,1.0
1270,919,relevant,7,low_certainty,negative,positive,1.0,1.0,0.39
1271,919,relevant,8,high_certainty,positive,negative,1.0,1.0,0.99
1272,919,relevant,5,exhaustive,positive,neutral,1.0,1.0,0.99
1273,919,relevant,12,non_answer,,negative,1.0,1.0,0.01
1274,919,relevant,4,low_certainty,positive,positive,1.0,1.0,0.56
1275,919,relevant,10,high_certainty,negative,positive,1.0,1.0,0.06
1276,919,relevant,9,high_certainty,negative,neutral,1.0,1.0,0.85
1277,919,relevant,1,low_certainty,positive,neutral,1.0,1.0,0.16
1278,919,relevant,11,low_certainty,negative,negative,1.0,1.0,0.9
1279,919,relevant,3,exhaustive,negative,neutral,1.0,1.0,1.0
1280,920,relevant,10,non_answer,,negative,1.0,1.0,0.05
1281,920,relevant,7,exhaustive,positive,positive,1.0,1.0,0.95
1282,920,relevant,1,high_certainty,positive,positive,1.0,1.0,0.8
1283,920,relevant,9,exhaustive,negative,positive,1.0,1.0,0.86
1284,920,relevant,11,high_certainty,negative,negative,1.0,1.0,0.82
1285,920,relevant,8,high_certainty,negative,neutral,1.0,1.0,0.55
1286,920,relevant,4,low_certainty,negative,neutral,1.0,1.0,0.0
1287,920,relevant,6,low_certainty,positive,negative,1.0,1.0,0.0
1288,920,relevant,3,exhaustive,positive,neutral,1.0,1.0,1.0
1289,920,relevant,5,low_certainty,negative,neutral,1.0,1.0,0.7
1290,921,relevant,3,exhaustive,negative,negative,1.0,0.5,1.0
1291,921,relevant,1,low_certainty,positive,positive,1.0,0.5,0.1
1292,921,relevant,7,non_answer,,negative,1.0,0.5,0.03
1293,921,relevant,9,high_certainty,negative,neutral,1.0,0.5,0.74
1294,921,relevant,2,non_answer,,neutral,1.0,0.5,0.03
1295,921,relevant,6,high_certainty,positive,positive,1.0,0.5,0.32
1296,921,relevant,8,exhaustive,positive,neutral,1.0,0.5,0.96
1297,921,relevant,4,low_certainty,negative,negative,1.0,0.5,0.03
1298,921,relevant,5,low_certainty,positive,positive,1.0,0.5,0.58
1299,921,relevant,10,exhaustive,negative,negative,1.0,0.5,0.99
1300,922,relevant,8,low_certainty,negative,negative,0.0,0.5,0.72
1301,922,relevant,10,exhaustive,positive,positive,0.0,0.5,0.6
1302,922,relevant,12,high_certainty,positive,neutral,0.0,0.5,0.39
1303,922,relevant,4,high_certainty,negative,positive,0.0,0.5,0.34
1304,922,relevant,2,low_certainty,negative,negative,0.0,0.5,0.4
1305,922,relevant,6,non_answer,,positive,0.0,0.5,0.02
1306,922,relevant,1,low_certainty,positive,neutral,0.0,0.5,0.52
1307,922,relevant,9,exhaustive,negative,negative,0.0,0.5,0.97
1308,922,relevant,3,high_certainty,positive,neutral,0.0,0.5,0.61
1309,922,relevant,7,non_answer,,neutral,0.0,0.5,0.25
1310,923,relevant,11,exhaustive,positive,negative,1.0,0.5,0.9
1311,923,relevant,9,high_certainty,negative,negative,1.0,0.5,0.51
1312,923,relevant,4,high_certainty,positive,neutral,1.0,0.5,0.51
1313,923,relevant,6,exhaustive,negative,negative,1.0,0.5,1.0
1314,923,relevant,2,low_certainty,positive,neutral,1.0,0.5,0.39
1315,923,relevant,12,non_answer,,positive,1.0,0.5,0.0
1316,923,relevant,7,non_answer,,neutral,1.0,0.5,0.04
1317,923,relevant,3,high_certainty,positive,positive,1.0,0.5,0.59
1318,923,relevant,5,low_certainty,negative,positive,1.0,0.5,0.51
1319,923,relevant,10,exhaustive,positive,neutral,1.0,0.5,0.85
1320,924,relevant,11,low_certainty,negative,neutral,1.0,0.5,0.71
1321,924,relevant,8,high_certainty,positive,positive,1.0,0.5,0.81
1322,924,relevant,3,low_certainty,positive,neutral,1.0,0.5,0.0
1323,924,relevant,5,exhaustive,negative,negative,1.0,0.5,0.99
1324,924,relevant,1,high_certainty,negative,neutral,1.0,0.5,0.0
1325,924,relevant,4,non_answer,,negative,1.0,0.5,0.0
1326,924,relevant,12,low_certainty,negative,positive,1.0,0.5,0.87
1327,924,relevant,6,exhaustive,negative,positive,1.0,0.5,1.0
1328,924,relevant,9,high_certainty,negative,negative,1.0,0.5,0.6
1329,924,relevant,7,exhaustive,positive,positive,1.0,0.5,1.0
1330,925,relevant,4,high_certainty,positive,positive,1.0,0.5,0.7
1331,925,relevant,10,exhaustive,negative,negative,1.0,0.5,1.0
1332,925,relevant,11,non_answer,,neutral,1.0,0.5,0.2
1333,925,relevant,5,low_certainty,negative,negative,1.0,0.5,0.7
1334,925,relevant,9,high_certainty,positive,neutral,1.0,0.5,0.95
1335,925,relevant,7,high_certainty,negative,positive,1.0,0.5,0.65
1336,925,relevant,3,exhaustive,negative,neutral,1.0,0.5,0.98
1337,925,relevant,8,low_certainty,positive,negative,1.0,0.5,0.55
1338,925,relevant,2,high_certainty,negative,positive,1.0,0.5,0.65
1339,925,relevant,12,exhaustive,positive,positive,1.0,0.5,1.0
1340,926,relevant,3,non_answer,,neutral,1.0,0.5,0.0
1341,926,relevant,7,exhaustive,positive,neutral,1.0,0.5,0.93
1342,926,relevant,8,low_certainty,negative,negative,1.0,0.5,0.0
1343,926,relevant,2,high_certainty,positive,negative,1.0,0.5,0.85
1344,926,relevant,4,high_certainty,negative,positive,1.0,0.5,0.62
1345,926,relevant,6,exhaustive,positive,positive,1.0,0.5,1.0
1346,926,relevant,1,exhaustive,negative,negative,1.0,0.5,1.0
1347,926,relevant,12,low_certainty,positive,neutral,1.0,0.5,0.6
1348,926,relevant,11,high_certainty,negative,positive,1.0,0.5,0.67
1349,926,relevant,5,exhaustive,negative,negative,1.0,0.5,1.0
1350,927,relevant,8,high_certainty,positive,neutral,1.0,1.0,0.95
1351,927,relevant,12,low_certainty,negative,negative,1.0,1.0,0.0
1352,927,relevant,3,non_answer,,neutral,1.0,1.0,0.0
1353,927,relevant,5,exhaustive,positive,positive,1.0,1.0,1.0
1354,927,relevant,1,low_certainty,negative,negative,1.0,1.0,0.06
1355,927,relevant,9,exhaustive,positive,positive,1.0,1.0,1.0
1356,927,relevant,10,low_certainty,positive,negative,1.0,1.0,0.95
1357,927,relevant,7,exhaustive,negative,positive,1.0,1.0,0.0
1358,927,relevant,6,high_certainty,negative,neutral,1.0,1.0,0.85
1359,927,relevant,4,high_certainty,negative,positive,1.0,1.0,0.0
1360,928,relevant,6,non_answer,,neutral,1.0,0.5,0.25
1361,928,relevant,1,high_certainty,positive,negative,1.0,0.5,0.85
1362,928,relevant,8,low_certainty,positive,neutral,1.0,0.5,0.8
1363,928,relevant,12,high_certainty,positive,positive,1.0,0.5,0.35
1364,928,relevant,7,exhaustive,positive,neutral,1.0,0.5,0.85
1365,928,relevant,11,low_certainty,positive,negative,1.0,0.5,0.6
1366,928,relevant,2,low_certainty,negative,positive,1.0,0.5,0.4
1367,928,relevant,4,low_certainty,negative,negative,1.0,0.5,0.3
1368,928,relevant,3,exhaustive,negative,positive,1.0,0.5,0.99
1369,928,relevant,5,high_certainty,negative,positive,1.0,0.5,0.5
1370,929,relevant,2,non_answer,,neutral,0.0,0.0,0.7
1371,929,relevant,5,low_certainty,negative,positive,0.0,0.0,0.4
1372,929,relevant,7,high_certainty,negative,negative,0.0,0.0,0.4
1373,929,relevant,11,low_certainty,positive,positive,0.0,0.0,0.42
1374,929,relevant,4,exhaustive,positive,negative,0.0,0.0,0.75
1375,929,relevant,6,exhaustive,positive,neutral,0.0,0.0,0.76
1376,929,relevant,3,exhaustive,negative,negative,0.0,0.0,0.88
1377,929,relevant,12,high_certainty,positive,positive,0.0,0.0,0.42
1378,929,relevant,10,high_certainty,positive,neutral,0.0,0.0,0.39
1379,929,relevant,9,low_certainty,positive,negative,0.0,0.0,0.53
1380,930,relevant,6,exhaustive,positive,positive,1.0,1.0,0.98
1381,930,relevant,7,high_certainty,negative,positive,1.0,1.0,0.38
1382,930,relevant,4,low_certainty,negative,negative,1.0,1.0,0.75
1383,930,relevant,11,low_certainty,positive,neutral,1.0,1.0,0.55
1384,930,relevant,8,non_answer,,negative,1.0,1.0,0.02
1385,930,relevant,5,non_answer,,positive,1.0,1.0,0.12
1386,930,relevant,12,high_certainty,positive,neutral,1.0,1.0,0.45
1387,930,relevant,1,exhaustive,positive,neutral,1.0,1.0,0.96
1388,930,relevant,2,exhaustive,negative,negative,1.0,1.0,0.98
1389,930,relevant,9,high_certainty,negative,neutral,1.0,1.0,0.8
1390,931,relevant,8,high_certainty,positive,positive,1.0,0.5,0.61
1391,931,relevant,2,low_certainty,negative,neutral,1.0,0.5,0.23
1392,931,relevant,4,high_certainty,negative,positive,1.0,0.5,0.09
1393,931,relevant,12,exhaustive,negative,negative,1.0,0.5,0.99
1394,931,relevant,7,high_certainty,negative,negative,1.0,0.5,0.55
1395,931,relevant,5,high_certainty,positive,positive,1.0,0.5,0.73
1396,931,relevant,1,exhaustive,negative,neutral,1.0,0.5,0.67
1397,931,relevant,11,exhaustive,positive,negative,1.0,0.5,0.99
1398,931,relevant,6,low_certainty,positive,neutral,1.0,0.5,0.43
1399,931,relevant,9,non_answer,,neutral,1.0,0.5,0.07
1400,932,relevant,10,exhaustive,negative,neutral,1.0,0.5,0.8
1401,932,relevant,8,high_certainty,negative,neutral,1.0,0.5,1.0
1402,932,relevant,6,low_certainty,positive,negative,1.0,0.5,0.65
1403,932,relevant,4,low_certainty,negative,positive,1.0,0.5,0.0
1404,932,relevant,3,exhaustive,positive,negative,1.0,0.5,1.0
1405,932,relevant,9,high_certainty,positive,positive,1.0,0.5,1.0
1406,932,relevant,11,non_answer,,negative,1.0,0.5,0.55
1407,932,relevant,2,exhaustive,negative,neutral,1.0,0.5,0.85
1408,932,relevant,5,exhaustive,positive,positive,1.0,0.5,0.4
1409,932,relevant,7,high_certainty,positive,positive,1.0,0.5,0.85
1410,933,relevant,2,high_certainty,positive,neutral,1.0,1.0,0.25
1411,933,relevant,12,exhaustive,positive,neutral,1.0,1.0,0.99
1412,933,relevant,1,high_certainty,positive,positive,1.0,1.0,0.95
1413,933,relevant,7,low_certainty,negative,neutral,1.0,1.0,0.7
1414,933,relevant,5,exhaustive,positive,negative,1.0,1.0,1.0
1415,933,relevant,11,low_certainty,negative,positive,1.0,1.0,0.95
1416,933,relevant,4,non_answer,,negative,1.0,1.0,0.0
1417,933,relevant,8,high_certainty,negative,positive,1.0,1.0,0.85
1418,933,relevant,9,low_certainty,positive,negative,1.0,1.0,0.5
1419,933,relevant,6,exhaustive,negative,neutral,1.0,1.0,1.0
1420,934,relevant,4,high_certainty,positive,positive,1.0,1.0,0.47
1421,934,relevant,1,exhaustive,negative,neutral,1.0,1.0,0.99
1422,934,relevant,5,exhaustive,positive,positive,1.0,1.0,0.99
1423,934,relevant,2,low_certainty,positive,negative,1.0,1.0,0.42
1424,934,relevant,12,low_certainty,positive,neutral,1.0,1.0,0.29
1425,934,relevant,10,high_certainty,positive,negative,1.0,1.0,0.06
1426,934,relevant,3,exhaustive,positive,negative,1.0,1.0,1.0
1427,934,relevant,7,high_certainty,negative,positive,1.0,1.0,0.61
1428,934,relevant,6,non_answer,,neutral,1.0,1.0,0.01
1429,934,relevant,9,low_certainty,negative,negative,1.0,1.0,0.99
1430,935,relevant,7,low_certainty,negative,negative,1.0,0.0,0.3
1431,935,relevant,3,low_certainty,negative,neutral,1.0,0.0,0.51
1432,935,relevant,8,high_certainty,negative,positive,1.0,0.0,0.53
1433,935,relevant,1,high_certainty,positive,positive,1.0,0.0,0.63
1434,935,relevant,12,non_answer,,negative,1.0,0.0,0.23
1435,935,relevant,5,exhaustive,negative,neutral,1.0,0.0,1.0
1436,935,relevant,11,exhaustive,positive,neutral,1.0,0.0,1.0
1437,935,relevant,4,low_certainty,positive,negative,1.0,0.0,0.53
1438,935,relevant,10,high_certainty,negative,positive,1.0,0.0,0.45
1439,935,relevant,2,non_answer,,positive,1.0,0.0,0.24
1440,936,relevant,12,high_certainty,negative,negative,0.0,0.5,0.55
1441,936,relevant,9,high_certainty,negative,neutral,0.0,0.5,0.6
1442,936,relevant,4,high_certainty,positive,negative,0.0,0.5,0.45
1443,936,relevant,7,low_certainty,negative,neutral,0.0,0.5,0.45
1444,936,relevant,6,low_certainty,negative,positive,0.0,0.5,0.5
1445,936,relevant,5,low_certainty,positive,neutral,0.0,0.5,0.6
1446,936,relevant,8,high_certainty,positive,positive,0.0,0.5,1.0
1447,936,relevant,10,non_answer,,negative,0.0,0.5,0.05
1448,936,relevant,1,exhaustive,positive,positive,0.0,0.5,1.0
1449,936,relevant,2,exhaustive,negative,neutral,0.0,0.5,1.0
1450,937,relevant,2,high_certainty,negative,positive,1.0,0.5,0.4
1451,937,relevant,5,high_certainty,positive,neutral,1.0,0.5,0.85
1452,937,relevant,10,exhaustive,negative,positive,1.0,0.5,0.91
1453,937,relevant,6,non_answer,,positive,1.0,0.5,0.43
1454,937,relevant,9,low_certainty,positive,neutral,1.0,0.5,0.45
1455,937,relevant,7,low_certainty,positive,negative,1.0,0.5,0.75
1456,937,relevant,4,non_answer,,negative,1.0,0.5,0.04
1457,937,relevant,1,low_certainty,negative,negative,1.0,0.5,0.38
1458,937,relevant,3,exhaustive,positive,neutral,1.0,0.5,0.93
1459,937,relevant,8,high_certainty,positive,neutral,1.0,0.5,1.0
1460,938,relevant,10,high_certainty,positive,neutral,1.0,1.0,0.26
1461,938,relevant,9,low_certainty,positive,negative,1.0,1.0,0.35
1462,938,relevant,3,exhaustive,negative,positive,1.0,1.0,1.0
1463,938,relevant,1,non_answer,,neutral,1.0,1.0,0.0
1464,938,relevant,7,low_certainty,negative,positive,1.0,1.0,0.64
1465,938,relevant,12,high_certainty,negative,positive,1.0,1.0,0.76
1466,938,relevant,4,non_answer,,neutral,1.0,1.0,0.0
1467,938,relevant,11,exhaustive,positive,negative,1.0,1.0,1.0
1468,938,relevant,8,low_certainty,negative,negative,1.0,1.0,0.85
1469,938,relevant,6,high_certainty,positive,neutral,1.0,1.0,0.88
1470,939,relevant,5,low_certainty,negative,negative,1.0,1.0,0.85
1471,939,relevant,6,low_certainty,positive,positive,1.0,1.0,0.8
1472,939,relevant,1,high_certainty,negative,neutral,1.0,1.0,0.6
1473,939,relevant,10,low_certainty,negative,negative,1.0,1.0,0.4
1474,939,relevant,11,high_certainty,positive,positive,1.0,1.0,0.85
1475,939,relevant,12,exhaustive,positive,neutral,1.0,1.0,1.0
1476,939,relevant,2,non_answer,,negative,1.0,1.0,1.0
1477,939,relevant,9,high_certainty,negative,neutral,1.0,1.0,0.2
1478,939,relevant,4,exhaustive,negative,positive,1.0,1.0,1.0
1479,939,relevant,7,non_answer,,positive,1.0,1.0,0.0
1480,941,relevant,11,exhaustive,positive,negative,1.0,1.0,0.77
1481,941,relevant,5,non_answer,,neutral,1.0,1.0,0.0
1482,941,relevant,2,high_certainty,positive,negative,1.0,1.0,0.44
1483,941,relevant,7,low_certainty,positive,positive,1.0,1.0,0.67
1484,941,relevant,4,exhaustive,negative,positive,1.0,1.0,0.89
1485,941,relevant,9,low_certainty,negative,negative,1.0,1.0,0.72
1486,941,relevant,1,high_certainty,negative,neutral,1.0,1.0,0.23
1487,941,relevant,3,high_certainty,positive,neutral,1.0,1.0,0.66
1488,941,relevant,8,low_certainty,negative,positive,1.0,1.0,0.47
1489,941,relevant,6,non_answer,,negative,1.0,1.0,0.0
1490,942,relevant,4,low_certainty,positive,negative,1.0,0.5,0.67
1491,942,relevant,11,non_answer,,neutral,1.0,0.5,0.67
1492,942,relevant,2,exhaustive,positive,neutral,1.0,0.5,1.0
1493,942,relevant,7,high_certainty,negative,negative,1.0,0.5,0.7
1494,942,relevant,1,exhaustive,negative,positive,1.0,0.5,1.0
1495,942,relevant,5,high_certainty,positive,neutral,1.0,0.5,0.94
1496,942,relevant,10,exhaustive,negative,positive,1.0,0.5,1.0
1497,942,relevant,6,low_certainty,negative,positive,1.0,0.5,0.66
1498,942,relevant,12,high_certainty,negative,negative,1.0,0.5,0.56
1499,942,relevant,8,low_certainty,positive,negative,1.0,0.5,0.64
1500,943,relevant,4,exhaustive,positive,neutral,0.0,1.0,1.0
1501,943,relevant,3,high_certainty,positive,negative,0.0,1.0,0.8
1502,943,relevant,12,exhaustive,negative,negative,0.0,1.0,1.0
1503,943,relevant,1,low_certainty,negative,positive,0.0,1.0,0.0
1504,943,relevant,6,exhaustive,positive,positive,0.0,1.0,0.99
1505,943,relevant,8,low_certainty,positive,neutral,0.0,1.0,0.69
1506,943,relevant,2,non_answer,,neutral,0.0,1.0,0.0
1507,943,relevant,10,low_certainty,negative,negative,0.0,1.0,0.0
1508,943,relevant,9,high_certainty,negative,positive,0.0,1.0,0.01
1509,943,relevant,11,high_certainty,positive,positive,0.0,1.0,0.74
